id,theta,se
1,-0.7791892651773428,0.4225850153833113
2,-0.05336671632221345,0.194740219274488
3,0.4560975150359373,0.3265638745029774
4,-0.27032013697008767,0.33310643829536446
5,0.00503110215761156,0.1413090724737579
6,0.7226108267353939,0.24547205079781398
7,-0.4183126571758451,0.33162935941104116
8,-0.5442648994240079,0.2770116654798685
9,1.0066881942425019,0.36890701067416004
10,-0.1522790227658013,0.28524400354835194
11,-0.1311676613278849,0.27077041270777147
12,-0.3749279293530708,0.33860751441487796
13,-1.0831617475534079,0.36126170805904345
14,0.7273452180591868,0.24773259235261122
15,-0.3439211204216378,0.3402587719242782
16,0.5548122463113018,0.28533822666445374
17,-0.35378854082959765,0.3400312450100616
18,0.6578287542538572,0.23568619895585013
19,-0.6773657996935207,0.17826035047405114
20,2.082067565670433,0.5397298994264597
21,-0.6742684556082371,0.17843707128167366
22,0.6883010327381964,0.23455496115782165
23,1.1362031891237725,0.3829974400763736
24,0.97937188366022,0.3631017591849599
25,-0.047523646643061926,0.18739218899941648
26,1.765138658060017,0.47585245146526156
27,-0.5788829383254325,0.2514104881470487
28,0.04840211014275701,0.18856163302239443
29,1.7589132115287416,0.47447679222876993
30,-0.6482852872339419,0.19057355983457835
31,-0.9644227705195259,0.3480852544252307
32,0.17247239096112432,0.29757309108550356
33,-0.04838597451023612,0.18848793716968298
34,-1.4016669330415605,0.35278908795769137
35,0.8812088603753613,0.3310652343309828
36,-0.7200574166404852,0.20169760695554864
37,-0.10522244402397515,0.36182176694465246
38,1.0885701224078694,0.3799305329689221
39,0.8216777593029572,0.3020379518428716
40,-0.0411232629042136,0.17916768506553113
41,1.0074596414763093,0.36905373251739054
42,0.6001258990668047,0.26033359771406145
43,2.340861361926489,0.588325689208178
44,-0.8889952043408077,0.32331946953293667
45,-0.5921149148623905,0.24031535721874836
46,-0.32890984759818837,0.34007216191696127
47,1.1170631818748962,0.3819891190973301
48,1.3028860604675765,0.38830281416835866
49,-0.5654032142535763,0.26198048362773824
50,-0.5956919564311614,0.23720299055472968
51,-0.657109528822609,0.18464658861029615
52,0.829488677899831,0.30625895317090585
53,-0.31003497245878425,0.3389215249169726
54,-0.6559270456561402,0.1853545605168449
55,0.6047310644213049,0.2578193357609654
56,-0.6814118389454712,0.17849987557278355
57,-1.1241370118933716,0.3602648339415083
58,-0.33149423538299655,0.34015015427891837
59,0.0912539971127411,0.23690170742023664
60,-0.7357145929491379,0.2162044574020057
61,-0.24766391667759283,0.32765315548395796
62,2.0950821760636917,0.5421999122313567
63,0.03961048605098416,0.177249362975178
64,0.5549049955580219,0.285288993602706
65,0.7455281871301592,0.2574357886072414
66,0.5277825128589136,0.40915809771768225
67,0.7719821471997033,0.2730670702255313
68,0.875821447987783,0.32874505710299784
69,-0.304025801423695,0.3383394752877744
70,0.055489199743733064,0.19742414964722158
71,-0.6688477078908813,0.17948382203578478
72,-0.6575552236591994,0.18438759437640032
73,-0.0004827777992236094,0.1404077780204287
74,-0.6425939286068508,0.1950385591241854
75,0.81936077495069,0.30076396535709826
76,-1.0598496915531332,0.3607304989169798
77,-0.6790238591614426,0.1782941096052331
78,-0.24420019305828403,0.32667709578293613
79,-0.487354403790548,0.3085765665261826
80,0.1052283848627908,0.24993237278220318
81,-1.208169934359941,0.35308119100206287
82,0.8139809540885828,0.29776897424837245
83,0.2341897333104255,0.3244232437114607
84,1.8980711551679732,0.5038832437002431
85,-0.3403550241721942,0.3452185747910187
86,-0.6488154374461508,0.19017973732001084
87,0.8819060081944072,0.33136097041672563
88,-0.6228852623744201,0.2124885521448424
89,-0.827077425160614,0.2904173368523237
90,-0.16242242085189054,0.2914520276350785
91,-0.613385483071244,0.22125397499962712
92,1.8395241209315054,0.4918391304175335
93,-0.581245658014531,0.24948007105076675
94,0.33389889989866295,0.9384361559063431
95,-0.665385396265023,0.18062042779932894
96,-0.3438586453051653,0.3441461086146573
97,-0.05051708471536903,0.19117987724105043
98,-0.8224647221304383,0.2874296576272553
99,-0.0029085268797077613,0.14070346005873405
100,-0.5515212363863257,0.27206378364946476
101,0.571616509670151,0.2762136087655952
102,0.0685633992446992,0.21291374516801306
103,-0.12708297128216267,0.41990667416622157
104,2.055602695226715,0.5346908045850719
105,-0.6698318256579898,0.17922579841183203
106,-1.24524249436551,0.3493350951221291
107,0.2638381939422183,0.3327455159960251
108,0.029822874669907663,0.16463435948756222
109,-0.6704214066761092,0.17908541833520328
110,-0.6954865633723778,0.18325524598937773
111,0.619086335086263,0.25031292202552013
112,-0.8091407257544766,0.27834150199887864
113,0.6288207095799111,0.2456715299791218
114,0.008622023320745995,0.1430148326383426
115,1.2505238175858961,0.38616357141251406
116,-0.794157124092226,0.2672841591800183
117,-0.7071873844005294,0.19092811946527233
118,0.8320649657557162,0.3076254408687524
119,0.18791186741240495,0.30560804832610944
120,0.7515169860600901,0.26087917842768726
121,-0.0225358236752081,0.15574132703528307
122,-0.8850427290554115,0.7751089029250863
123,-0.7730532213700153,0.2501792454131535
124,1.7772439264153923,0.4785105508076358
125,1.693915523504187,0.4597796708076404
126,-0.9808566955867305,0.3516090812927753
127,1.3792980701809288,0.3949711223332424
128,-0.5960760948829429,0.23686612040129304
129,0.30654697374720175,0.34011338854340256
130,-0.11471345506282137,0.25789070854328683
131,-0.5895977416298639,0.24247798143970628
132,-0.7290698387898921,0.2099627833261982
133,-1.1669143152391177,0.3571828755568273
134,0.5259181404204961,0.29985772459397086
135,-0.7750016858366997,0.25183248251558654
136,-0.6784615831929905,0.1782726163884248
137,-0.15775822468653705,0.2886546435621375
138,0.756082868721506,0.2635557038329428
139,0.34303409457511996,0.3956875581726704
140,0.6327326696914919,0.24394919900622392
141,-0.046181447207614405,0.18567988969892407
142,-0.19413107754486325,0.3080582422308642
143,-0.6566816067569737,0.1848993380891672
144,0.7245847672164384,0.24639802121580956
145,1.3990019950515504,0.39751836938528384
146,1.3495383405283712,0.3917808546716708
147,-0.02515128657828133,0.15882735065098594
148,1.3059932347505974,0.3884816609764256
149,-0.6001228362299733,0.23328802654685674
150,0.6156094515759765,0.2520715141068799
151,0.137308363982623,0.27547598762058806
152,-0.3356798727865679,0.3402359735550986
153,-0.4246868236646331,0.3301334506726403
154,0.01234363479190577,0.14559711383045154
155,-0.7186334258823389,0.20043051345600316
156,-0.7090010221051651,0.19233181442214892
157,-0.8069882226351417,0.2768081918141273
158,-0.6656666167030254,0.18051517123411126
159,-0.750043976502846,0.22964532585835706
160,0.03798943959425305,0.1751451957344823
161,-0.6208332043275984,0.21438149793368377
162,-0.7323506701164418,0.3987125503341345
163,-0.6409233820660256,0.19641989656253506
164,-0.034707837618725895,0.17085606978024057
165,-0.031155476442739666,0.16629519762213324
166,0.651418080694442,0.23725935694214667
167,-0.8597622439382503,0.3170360446567462
168,0.23495171262463135,0.35970136826651256
169,0.10682872801091982,0.2513459501365957
170,1.4220839882828544,0.40093044389747334
171,0.6597539051078243,0.23529731927207548
172,-0.6120793959361612,0.22245470822633617
173,1.8613445846721821,0.49637856614932496
174,0.03322963451112007,0.16898438523850204
175,1.6152834087470607,0.4414166118669468
176,-0.8335904963315285,0.2945006088084593
177,-0.5242230832501218,0.2895559696488014
178,1.3720655602960377,0.39412295432500527
179,-0.706224583824609,0.19020251534412227
180,-0.03291511795680793,0.2205860218038724
181,-0.5146946101172527,0.29496065457009285
182,-0.03959596750522859,0.17718915488458653
183,-0.6474301347760725,0.19121745811215277
184,0.4806884221267005,0.31861343192433755
185,0.7111798732160051,0.645902749872139
186,-0.8300547245746109,0.2923033940120447
187,-0.013181945854204465,0.14626652221060196
188,0.5643037978042913,0.28023031755233524
189,-0.5808769230786172,0.2497828336613288
190,1.0072965174816533,0.5348228334782245
191,-0.01770331733592133,0.1504722657928662
192,-0.5977689606956345,0.23537570735986513
193,0.6068514266713445,0.347371904661021
194,-0.13209759087452796,0.2714547670791147
195,-0.6983717013045726,0.18488821532258556
196,0.5068540120931289,0.308398298720761
197,0.2684522697077834,0.333798016421916
198,-1.4807243502884324,0.3716731587355454
199,-0.7014119473644429,0.1868066015094694
200,-0.6713651795094555,0.17888312969238987
201,0.0936156137811668,0.23919289865264745
202,-1.3017974782261912,0.3456607075371698
203,-0.296206331464304,0.33742467999180253
204,0.6584335889075854,0.2355597371853538
205,-0.6173336816985515,0.22250802785376908
206,0.750101241414421,0.26005749557110314
207,0.16173751213016072,0.2914120846915284
208,-0.597882439738985,0.2352754638247246
209,0.8010343291065553,0.29036697877226303
210,0.5408868148595872,0.2925518864879887
211,1.2140318790743434,0.38528555067528253
212,-0.3593058323255948,0.33978293709711677
213,-0.7246058792717086,0.20582535728263876
214,0.07442457867868647,0.21946168571482827
215,-0.4589679076648825,0.31992709135595643
216,-0.5558517206784592,0.26900576072039056
217,-0.03341126947847161,0.16918437199393974
218,-0.5946669144628255,0.23809944192110463
219,-0.9181579361546715,0.3346825642610222
220,-0.667017681579894,0.18004097253244777
221,0.6986374183116718,0.23663800310822666
222,-0.6875315282473129,0.17985489204525656
223,1.3924347216384638,0.3966312111668981
224,-0.10091362700344471,0.29882743012419993
225,-0.6402770458584902,0.1969615960495321
226,0.6689704141969895,0.23400720891550925
227,0.9939724229789526,0.4059975105267015
228,0.6877610757649223,0.2344793262952797
229,-0.13684188599880387,0.2748769678886702
230,-0.5418652232691741,0.27859977010538245
231,0.9911241810274352,0.36574761866529704
232,0.018644290881935525,0.1514627234279673
233,0.07220775221471007,0.21701437527915773
234,-0.16464489987385394,0.29275143555718114
235,1.5459645601387313,0.4253688178416046
236,-0.01730029006331024,0.15006498809004923
237,-0.25294291556374043,0.3290672043594128
238,0.006396060114249428,0.14185922910015025
239,-0.153912117930137,0.28627483523137587
240,0.7072440098154998,0.23923020523039054
241,-0.5942740329280414,0.23844207704519904
242,1.1680106376871007,0.3841782039724238
243,-0.14175991889987247,0.2783048899811342
244,0.6132674292625698,0.2532803621506174
245,-0.02979093763544889,0.16456422726939288
246,0.02451843634233847,0.15809285931793654
247,-1.219036411151637,0.3519467543777593
248,0.030453727956982174,0.6741459103232137
249,-0.693006704573853,0.18201262785885858
250,-0.5524260532956522,0.2714313629600767
251,0.19322709043568634,0.30815939676526605
252,-0.7947794312392565,0.2677613606152958
253,-0.22146249605777552,0.31929462974653205
254,-0.6599475692340553,0.18307457311728528
255,-0.03256025839422989,0.16809105540273342
256,-0.017504606390131475,0.15027075006790996
257,-1.0433999616745817,0.3598090686427528
258,0.9399426672180318,0.3524649367702678
259,0.021983494826638354,0.15512925131568855
260,0.8917441529166891,0.335424893097014
261,-0.5038871297519153,0.3006714928982376
262,-0.018352724063302572,0.15114019284468555
263,-0.6437429532604894,0.19410538992236395
264,-0.43781454461648805,0.4033146906209959
265,0.4653258608180977,0.32376949237947084
266,-0.6711824695611599,0.1789201237502152
267,-0.09865211548897071,0.24380477759241995
268,-0.3104856857195911,0.33896096167436407
269,-0.004452764257855735,0.14110954670678338
270,-0.4244092746635555,0.7569111486297286
271,-0.11627281602401351,0.25917605118405096
272,1.020642083959929,0.3714220325324512
273,-0.4959014353854289,0.304612983438232
274,0.7562453777491231,0.26365162326745156
275,-0.09708073997801074,0.2423401896318884
276,2.340861361926489,0.588325689208178
277,0.6348539684344308,0.24305544375287028
278,-0.41782002074830127,0.3317398554645442
279,-1.2010018378532334,0.35382911723864957
280,0.8354829960595902,0.3094181553791769
281,-0.3787299806341804,0.33821542448128594
282,-0.4321168307461705,0.3282333702103625
283,-0.14010223030547228,0.27716284865175955
284,-0.009117842172682368,0.14330492481043616
285,-0.5339823241858412,0.28365037557147726
286,0.02741264887422443,0.1616166664966629
287,-0.03906787986645106,0.2677075057807146
288,-0.03484023057449274,0.17102709687388162
289,-0.6987530832236701,0.18511819345508618
290,-0.06495043025630132,0.2086739821502207
291,0.5984299512830756,0.2612678358861313
292,-0.2795246381320542,0.3348713958425637
293,-1.477125116008739,0.3706379242310602
294,-0.7301463569794356,0.21096919372449394
295,0.9818440472039749,0.363677464695072
296,-0.6642887326571264,0.1810520174163574
297,-0.351448417216629,0.34011032454542506
298,-0.20543514670255908,0.31303173594587685
299,0.311841164775453,0.3406646775415037
300,-0.6513614513925824,0.18834960113940863
301,-0.6745757060203904,0.17840564526721756
302,-0.23242826999894955,0.32306916483430226
303,-0.014173936164993073,0.35542542661879817
304,0.22906267358469537,0.32270106084614997
305,0.6794904550900339,0.23375080764157757
306,0.7178134339343287,0.24332926989588877
307,-0.5964555225205229,0.23653289428724186
308,1.6930562397710054,0.4595816392615574
309,-0.03904198901112383,0.17647087863979108
310,0.49587908587861357,0.312900249990269
311,-0.012553012089896275,0.1457521143863169
312,-0.8255098338388804,0.2894109909278157
313,-0.6041476303177447,0.2296802060593838
314,0.7003688662958657,0.23710011037838732
315,0.7017575574608976,0.23749294944298063
316,-0.698380602676527,0.1848935466894103
317,-0.5167517135905169,0.29382353958614404
318,-0.529350930414667,0.2865003107697676
319,0.2887149680609865,0.3376766796760994
320,-0.8226010754700364,0.28751912828324383
321,-0.7532841358497975,0.23263577585392756
322,0.6183378387958886,0.25068760618146874
323,-0.4589366174203168,0.31993811486891005
324,0.6349594175859935,0.24301179630616557
325,-0.0975104129649581,0.24274225140879818
326,-0.7105798682481376,0.19359007604400252
327,-0.12754285346600483,0.26805956334649594
328,0.7864361060028096,0.35079346341823825
329,-0.6255949368939984,0.20999666741635298
330,0.6688882621724848,0.23401439513219177
331,-0.6795505203188706,0.17832358097915557
332,0.0037698687997321755,0.14091306252828828
333,0.004760101577556727,0.1412147555522951
334,-0.060632033760005206,0.20358679952840564
335,-0.6009016558465318,0.23259352718292356
336,1.4785702461902193,0.4110093528441657
337,0.6420544901156885,0.24025934590039397
338,-0.77939523319707,0.25550604247104675
339,-0.655379326826679,0.18569245727586833
340,-0.14306579105432984,0.27919508461191245
341,-0.40255508173568044,0.33480383251019746
342,1.3258335221901982,0.38979398120744957
343,0.010913651990165387,0.14451521406169918
344,-0.20379368168085285,0.3123386990822534
345,-0.7257565924144993,0.2068852875978974
346,1.599241126632842,0.4376546308004399
347,-0.7598238703354875,0.23858338069808055
348,-0.7406998771640912,0.220904250565576
349,-0.6697874293999736,0.1792368021078239
350,-0.10593405349485444,0.3518372507487095
351,-0.05560840757418738,0.19750660208059578
352,-0.558780261388089,0.26689286071702145
353,-0.5010794369066661,0.30208387222682603
354,-1.1279315655555833,0.36006451261334416
355,0.6557002632217438,0.2361619356247277
356,-0.022051491903766318,0.15518538401337698
357,-0.6183672511197505,0.21665894329353172
358,-0.5522946147364105,0.2715234454659689
359,0.29413892397992886,0.40989069967650543
360,0.4715440666441487,0.3217582619389816
361,1.1723077648220188,0.3843022879990388
362,1.6699318542836905,0.454222902482625
363,0.7164598304341436,0.24275427905336283
364,0.6211140169178776,0.24930947388223001
365,-0.04676520694224886,0.18642559155956714
366,-0.7057425159165063,0.18984460139434792
367,0.030203755159074155,0.24772569278363385
368,-0.018948623786973477,0.1517652048190448
369,-0.7844558740261443,0.25964257010682956
370,-0.5100749005639382,0.29745554330340335
371,0.08617152579034472,0.23184310616833767
372,-0.6184430480371191,0.2165889328660981
373,-0.39413149570602596,0.3361992658020995
374,1.0655146362974561,0.3776724775764621
375,-0.616146173787463,0.21870968969156887
376,-0.10181760699087712,0.24670703579726108
377,-0.48070823307799543,0.3323075464390278
378,1.6582918308973418,0.45150709028367997
379,-0.5814903977544149,0.2492788153937168
380,-0.7589160636342114,0.23776550568604646
381,0.6626194151441566,0.23479333449905102
382,0.08460053152831372,0.23024361520872139
383,-0.674944165957836,0.17837197844732214
384,-0.27192587060846063,0.3334328024090842
385,-0.9794583610880288,0.3513329170913507
386,0.1850606336344343,0.304194942933984
387,-0.29642181057014655,0.33745228474583805
388,-0.3227871129487624,0.3398110805856501
389,1.1772814961107403,0.3844380963732714
390,-0.009088321187771689,0.14328674652314202
391,-0.1494864903609615,0.28345279908284354
392,-0.7130068899504616,0.1955833235083641
393,-0.6561066172819856,0.1852451355949039
394,-0.6965051753453967,0.1838096498155521
395,-0.6944653809672996,0.18272476438188237
396,-0.7567771246543138,0.23582828754886584
397,-0.6201746001592936,0.2378193720560685
398,-0.5401772414696753,0.2797026495830404
399,1.26023203506238,0.38645696606492536
400,0.6812848755798735,0.23383962900578015
401,0.007371801744011194,0.1423273866138793
402,0.39274286932836067,0.42272730639891976
403,0.810248822318264,0.2956621884258522
404,-0.08883085592277237,0.2343838191416926
405,0.5439507943153528,0.29099683357588774
406,0.796612408621072,0.2877833932958012
407,0.005535582267329097,0.14149790907699147
408,1.5650984804764705,0.6245817734992102
409,-0.6757619585603417,0.17831296247420905
410,1.6885257477406161,0.45853615261211794
411,-0.7311027576844407,0.21186535140806093
412,-0.8454833988094991,0.3015588512647777
413,-0.0033019208066433735,0.14079103562565792
414,-0.7468488222298609,0.2266729314976886
415,-0.92815212497551,0.37994107726171805
416,-0.061652407125655964,0.20480070669848024
417,-0.6590520916696757,0.1835504605821673
418,-0.16390086754763442,0.29231881039412605
419,-0.6289459725298736,0.20693620487655334
420,-1.1739435490498904,0.3565353104776829
421,-0.5468101269703369,0.2753011573907319
422,1.279497905726886,0.38716278846497915
423,0.01983420631053727,0.15273355207923156
424,-0.29164997858026975,0.3368090310009746
425,-0.5349297418487615,0.28305673820495936
426,-0.13361356991636558,0.272560809453045
427,-0.6848759733190773,0.18193194901785872
428,-0.6200691146635969,0.21508703014461847
429,-0.7578086706773904,0.23676430339521343
430,1.4160452952074787,0.39999452827890264
431,-0.7019564064474753,0.18716983736949083
432,-0.12363406597308556,0.26505775962798256
433,0.5710559726902189,0.2765235164738069
434,1.4722677565613809,0.4097783298706521
435,-0.7928286558270234,0.2662602163677026
436,-0.8070862329037177,0.27687840706233885
437,0.5954136844817874,0.262937950531456
438,0.5801207981828723,0.2714822303080637
439,1.2304903263863554,0.3856513826637291
440,0.770058469939894,0.27190828061235994
441,1.2605979748633538,0.3864687523987716
442,-0.7009790641120505,0.18652191893691444
443,0.00605849871696933,0.14171164770132869
444,-0.015161700143067645,0.1480047467536629
445,-0.6491155868579955,0.408288461765185
446,-0.8616826100660674,0.31037993935093294
447,0.7245794159461534,0.2463954781379169
448,1.135461212423901,0.38296312759583967
449,1.4714073168632198,0.4096121144662681
450,-0.6310858409959546,0.20500017325004327
451,-0.6607174953151761,0.18268086253859514
452,-0.2792604674080479,0.33482430115665457
453,-1.0184340383295447,0.3574700306485603
454,-1.3990502647861205,0.3523392387688925
455,-0.8883744053332837,0.3230509193221865
456,0.7498077298073573,0.2598876942292857
457,-0.05666302024685898,0.19879698665199913
458,-0.1764546096482697,0.2993041751632016
459,0.19688799179899186,0.30985490719631803
460,-0.503889388170774,0.30067034512581303
461,0.5476380839199115,0.28910056509445003
462,-0.8303885325945878,0.2925128011312456
463,-0.09153978010657036,0.23704656923748452
464,-0.08229673938932817,0.22775335769121569
465,-0.014815685089392492,0.1476885480675272
466,0.7232561099628106,0.24577204787125423
467,0.47575352147532096,0.3203382185142459
468,0.5293289585799126,0.2982373392451032
469,0.01707409960955402,0.14985550541819342
470,-0.6899703528156235,0.18071169205160642
471,1.3397219806320881,0.39090015916372883
472,-0.2087249283048494,0.3882766479705161
473,-0.514781645549228,0.29491287182940135
474,-0.34503341832385137,0.34024701024131715
475,-0.053969821682408624,0.19548756810572693
476,0.9269609013793452,0.34833127071260356
477,-0.19761498976303077,0.37452118084589864
478,-0.6554452506692598,0.18565146094803248
479,0.6313217646287618,0.24455967389045266
480,1.1980065771440405,0.384937179804049
481,-0.04617305078460582,0.18566915344324567
482,-0.6328516457684334,0.20341678116208678
483,1.420295930881814,0.40065019975633553
484,-0.04674548982359644,0.18640042867290343
485,0.23848069325952007,0.3257989368123569
486,0.7858523923615561,0.2814047119024785
487,-1.308088077206114,0.34552452146272816
488,-0.3111637820347962,0.3390191870586217
489,-0.011707426762075007,0.14509133148269956
490,-0.104208716741713,0.24885732338696223
491,-0.6259119752992787,0.20970594325181705
492,-0.6722607874708292,0.17871696560518616
493,-0.1283240405632739,0.2686496511144914
494,-0.6775889408721579,0.17825967279572483
495,-0.6533684167600786,0.18698449138265694
496,-0.7176695456667749,0.19958104321703565
497,1.164854689408719,0.3840826625661973
498,-0.5533583159799202,0.27077615704574887
499,0.013689107339012178,0.14670829100273938
500,-0.03488994285539451,0.17109132943143132
501,-0.07752889359466755,0.22272556078863937
502,1.7381737339688867,0.4698519758105007
503,1.514823959995758,0.49249074991250213
504,1.8980711551679732,0.5038832437002431
505,-0.9070908281212743,0.3306528469611172
506,-0.28278092850692493,0.335434740746622
507,-0.5966653482744768,0.2363484118340388
508,1.1888354594723487,0.38472704050496576
509,-0.5207140063095115,0.291587351325052
510,-0.5778248242757423,0.25226760294007095
511,1.0489100443349635,0.37566566933278145
512,0.8996234238582406,0.33853319656839315
513,0.014131226258571526,0.14709191150282758
514,-0.5975203165950748,0.2355952053706574
515,-0.10171897880341736,0.24661757021029473
516,0.1889639805533917,0.3061215932137475
517,1.434528989668337,0.502852755870537
518,-0.5860886806699257,0.2454530408718631
519,-0.4713131838362954,0.3153256842534679
520,0.9205714265328733,0.34617585531003936
521,-0.4769038182022395,0.31307388592917534
522,0.8141073786319735,0.29783993245088103
523,1.203732664904582,0.3850631026169112
524,-0.5836352523674206,0.24750474597369093
525,-0.318513062519066,0.3395650970239579
526,-0.6925577946821826,0.18180458222406848
527,0.08013180818806476,0.22559944224339154
528,1.3965694951140977,0.39718535907944613
529,1.0966144739995116,0.380587544805568
530,-0.7641858954705066,0.2424754235123574
531,0.6975602447644745,0.236366321423218
532,-0.043655919118482024,0.1824383332320422
533,0.03468581504636392,0.23104564612182302
534,-0.4169915700756948,0.35723247453052087
535,0.009955655159342006,0.14385161102977195
536,-0.28131671857115165,0.3351853545739334
537,-0.6499494521045749,0.18935172371627096
538,0.21984021291636074,0.31938416858411695
539,0.08125295062934805,0.22677782740254146
540,0.8187049806235891,0.3004016137915751
541,-0.8032038796419444,0.27406783825752434
542,0.9794368565418492,0.36311702189493594
543,1.3394375375572865,0.3908758778857962
544,1.0885381908656535,0.3799277971305307
545,-0.948725573044549,0.34413326152662665
546,-0.9863468624492513,0.35265172773137604
547,-0.4622325506190282,0.318759334421148
548,-0.7246510065142142,0.2907326326405634
549,-0.5003476643978976,0.30244722433178717
550,-0.6816229678004709,0.1785269432508441
551,0.15962749265575596,0.29014306609813134
552,-0.5390463531899339,0.28043499406932976
553,0.6069571432755344,0.2566183897931472
554,-0.5212672894934629,0.2912702531713965
555,-0.03255182830593743,0.1680802434171054
556,0.006252717671982912,0.1417956459900536
557,-0.12883125126122172,0.37953238901684994
558,-0.7722983014143042,0.24953478945173227
559,0.2611633594494574,0.33210607454374874
560,0.03590776539284665,0.1724446790088392
561,-0.20938332822003472,0.3146588592967059
562,-0.3445222473382604,0.3402528536196459
563,0.67653216812239,0.23368886505962155
564,-0.5360123941495972,0.28237391288423724
565,-0.3910336101621091,0.3366601848955677
566,-0.6582349337400647,0.18400113061311504
567,-0.6680793628819943,0.17970562133677506
568,-0.6909812230466399,0.1811167348946991
569,-0.715673844283178,0.19784574208675323
570,-0.7431781532465753,0.22323523398112677
571,-0.24237781785907137,0.32614807900726117
572,-0.8503233937787331,0.3494408183864219
573,-0.6627967845444431,0.18169189282217305
574,-0.873688043774279,0.3163561543849291
575,-0.7721941804270961,0.3926113620761396
576,-0.6072774346809815,0.22684507983019134
577,-0.692682331976754,0.18186176528952372
578,0.6471595248169961,0.23852673218729442
579,1.4880317497764928,0.41290018124760824
580,-0.739711043796902,0.21997269926595622
581,0.6449943290395068,0.239234353452407
582,-0.010824812436062899,0.14444105993090361
583,-0.03624254971418406,0.17284138854244757
584,0.24827105201616054,0.3287178574630213
585,1.8187094435264586,0.48744783435182126
586,-0.5185802901369672,0.29279909415290556
587,-0.805298215869571,0.27559145736103113
588,1.614786396047828,0.44129990594415086
589,-0.16584509882035184,0.2934442727092559
590,0.5150721031467383,0.3048264285097813
591,1.0566270394705986,0.37664041943337334
592,-0.6001667782512247,0.23324889051835507
593,1.621029720161559,0.4427662942587558
594,-0.4505095861125406,0.32279124623051264
595,-0.6865165963414768,0.17955006274848287
596,0.3792253402068088,0.3410030008054327
597,-0.04558674632219875,0.18491874786075424
598,-0.48630884186791995,0.31288978666314415
599,0.8512214278527084,0.31736584409110363
600,0.1934584998884965,0.3082680516507603
601,-0.5736633522572858,0.25559364902953957
602,-0.7680207886714603,0.24584257990651606
603,-0.42696728265561135,0.32956826084324203
604,-0.30410147455140646,0.3383474569257407
605,-0.685490126424825,0.17927354204990867
606,-0.6813237370587262,0.178489004982714
607,-1.116809517093033,0.3606041114952817
608,0.8282412299662242,0.3055926439457194
609,-0.6020348880312372,0.2315797944036822
610,-0.008675384897079922,0.14303788570700932
611,-0.31148887175566253,0.33904662970216204
612,-0.5298505992400546,0.28619697644567205
613,-0.593686999408844,0.23895302995433806
614,0.5042736445690964,0.30948460719636267
615,-1.2494718974420966,0.4872754466747862
616,-0.6496966076501829,0.1895346010456092
617,-0.6983966826273896,0.1849031819916647
618,1.5854622363246307,0.43443751196074915
619,-0.6975137151096155,0.18438259787009495
620,-1.1750531985550794,0.3564304269861828
621,-0.7189979741281395,0.2007535650411517
622,0.06528404287634514,0.20914169926214188
623,-0.7126409418284311,0.19527852108663818
624,-1.1596971712111477,0.3578139189912372
625,-0.3659879036871974,0.39044358800686674
626,0.4657659571858818,0.32363054153308535
627,0.5131246254148834,0.30568816032325136
628,-0.6009968696557859,0.2325084978716192
629,0.0788517835041738,0.24958821766595723
630,-0.062185402107271505,0.20543189294108918
631,2.1508093476709385,0.5527311815985383
632,-0.5772698209264236,0.2527153359116834
633,0.5558342229682576,0.28479495032384955
634,-0.7528457082364741,0.2322326866176915
635,-0.5598336833802899,0.26612395313804954
636,0.004127960981067094,0.1410143267874578
637,-0.7902292713509685,0.34430335339567664
638,-0.03417490638176782,0.1701681933561951
639,0.7276769685626165,0.2478959423984575
640,-0.6866763607778298,0.17959598906184063
641,0.9758012630853486,0.47918930735910553
642,-0.35869255296014574,0.3398148318608732
643,-0.1774475549772117,0.29982876528616
644,-0.2759166089233782,0.33421004915987346
645,-0.5876073324035598,0.24417127789542623
646,1.711503094330069,0.46381332797768654
647,-0.49727129835111356,0.30395337413475476
648,-0.6437824357120572,0.19407358497891164
649,0.5438009775801067,0.29107331283210053
650,-0.59905663155836,0.23423580671996633
651,-0.06227771711365748,0.20554101142872436
652,0.6113306586876509,0.2542931845304947
653,0.7508780191434185,0.2605077959687343
654,-0.7644752505705805,0.24273130887663685
655,0.2392465941082709,0.32603825730151353
656,-0.7502945424900543,0.2298774904068529
657,1.1000315385725927,0.3808477543761886
658,0.1147375315583338,0.2581062892566583
659,-0.6083593703150186,0.22585975601024028
660,-0.5182868928860916,0.29296433632724384
661,-0.807309345674777,0.27703810453434996
662,-0.8710728285847426,0.3455151202014628
663,-0.10383115346876516,0.24852016207399574
664,-0.8288391483459221,0.29153733724228154
665,-0.5818906874665084,0.2489491260838161
666,-0.35538203457160356,0.3399684537636315
667,-0.6805379744776503,0.17840313466321117
668,1.0461983206163563,0.37530519882349017
669,0.052877530013233136,0.19419223460822588
670,-0.9104434133866502,0.33190917201303427
671,0.14017516467917063,0.27749240640186185
672,-0.44729668672659845,0.32381886597818227
673,1.282390924659791,0.3872854955009331
674,-0.6943296028621665,0.18265618492785876
675,-0.6832594582272015,0.1787851855681964
676,-0.7360502589064091,0.21652093486507437
677,-0.24904934307696758,0.3280328234149326
678,0.12297885562487475,0.26476714972392995
679,0.5696511901140061,0.27729884593092075
680,-0.6249192779247058,0.21061690480192702
681,0.30624876170375975,0.36207356642754
682,0.04901108257490294,0.18933408415970976
683,-0.7516742077014861,0.2311531746450965
684,-0.4859901682552947,0.31199007216436403
685,-0.7273242848625112,0.20833718699519116
686,0.6263588466188987,0.24680073169785005
687,1.1059744595876373,0.4168577482154009
688,-0.05991336049100958,0.2027274678245924
689,-0.6441622840131471,0.19376851201800113
690,-0.10396684007403631,0.24864143131260238
691,-0.10205746552242356,0.24692435532767462
692,0.10960101425564665,0.2537579427405869
693,0.33389889989866295,0.9384361559063431
694,1.8743719702168398,0.49905922353994137
695,-0.27438542874411237,0.33391753016382797
696,-0.239614550132492,0.3253254317006722
697,-0.7065498707603778,0.19044608091314028
698,0.2818248215847767,0.33649210011530317
699,-0.7075798488325019,0.19122788654114742
700,-0.7484255150911354,0.2281423507528344
701,-0.06749421796109978,0.21160824021514346
702,1.0641254511991305,0.3775173780022859
703,0.7389190104763875,0.4614857956907149
704,0.7574636028273832,0.26437192266233367
705,-0.4415539147104707,0.32557394810739726
706,-0.16975953952809356,0.2956612108904342
707,-0.04512051351504046,0.20580433431964237
708,-0.8011309370718592,0.27254251398260254
709,-1.0047940050244961,0.3556813752448242
710,-0.15236452558170854,0.28529827783152895
711,-0.6793572652956908,0.17831171812894284
712,-0.22210916161132202,0.3195285256611586
713,-0.2184536324561106,0.31818743432531643
714,-0.7715298665208895,0.24887656631316143
715,-0.7947634589617374,0.2677491322242842
716,-0.33444387583284885,0.34021583876510947
717,-0.7480007887150644,0.2277470068283439
718,-0.6002354139491505,0.23318774989755306
719,1.0908570924999332,0.38012381026246944
720,-0.011418181012705576,0.14487369588988763
721,0.744924229745588,0.25709368676729955
722,0.0069777534331291,0.14213096457598537
723,-0.11827202495787109,0.26080356425560847
724,0.7934696992444897,0.285932636503132
725,1.2458448815226664,0.3860341226020741
726,-0.4855674173618155,0.3093725302571898
727,0.5647424515441383,0.2799911437648424
728,-0.06193067214159632,0.20513048461256483
729,-0.8419046697470323,0.29948804974062687
730,-0.5806484573430162,0.24997014700419368
731,-0.7012621202095117,0.18670765217808202
732,-0.7055521322759946,0.1897042682696175
733,-0.37073032176878307,0.33899209241651085
734,-0.7712576082628395,0.24864281913265854
735,-0.6817599606137659,0.17854527341921256
736,-0.030043902429796765,0.16488396733068858
737,-0.09659730154760816,0.2418863818024335
738,-0.08631627115095625,0.23186724281349916
739,-0.598397673976187,0.23481980285245627
740,0.7578381642327056,0.2645938154279678
741,-0.6357621072565688,0.20084218094615494
742,-0.006751249731988101,0.14201600050058086
743,-0.06365886831989566,0.20716635977165096
744,0.5208329424512502,0.30222268786945367
745,-1.1794396970953076,0.3560094298585659
746,0.2828761658288585,0.33668172223065485
747,-0.49661601578473047,0.3042697494072098
748,-0.6851705767224726,0.17919406300472437
749,-1.0819300319140661,0.36125510385846665
750,-0.6426788016806539,0.19496914053400546
751,-0.7721368334118205,0.2493966660337888
752,-0.71431600221839,0.1966851584469737
753,-0.815141387645137,0.28251974375600986
754,-0.6912350965208298,0.1812229259659316
755,-0.42295782648518804,0.33055139999274574
756,-0.6769913416036162,0.17826513621759
757,0.6064041854024467,0.2569157067241342
758,0.9237667134806689,0.3472638420634719
759,0.00428747406035165,0.1410623027017117
760,-0.6318069784471473,0.20435181964781607
761,-1.1083386091480913,0.3609140056028358
762,-0.23228934064737922,0.32302386714745196
763,-0.24299572234954123,0.3263286509207615
764,-0.10931747988694102,0.25333325924083633
765,-0.6446365499663793,0.19338997073610434
766,1.0211828709987387,0.3715136916320798
767,-0.7341033734028819,0.214686147950364
768,-0.38663259911537806,0.3372669199460944
769,-0.6546185359972697,0.6893103055027494
770,0.458951397992901,0.32572403365008357
771,-0.5799311715088634,0.2505568540072937
772,0.468098987465009,0.3534539243333624
773,-0.1996283806950249,0.3105359161537193
774,0.1860793126556529,0.3047034161634858
775,0.6097140003953876,0.2563746198509941
776,-0.463498248282485,0.31829716833282207
777,0.2321967768294758,0.4398439078039804
778,-0.8277614853671904,0.29085359779641096
779,-0.5890913995903704,0.24291016237093288
780,-1.1232842689994424,0.36030758185691825
781,0.04695595484116844,0.18672011342807593
782,-0.6224811114669481,0.21286107573695706
783,-0.2186576773769045,0.31826350553812427
784,-0.7355479764034485,0.21604738159198544
785,1.1736748262326944,0.3843404105682404
786,-1.0367151185561898,0.3592970663100507
787,-0.9066113419968506,0.3304706056755757
788,0.5173732672595668,0.30379610656282746
789,0.6084029536806153,0.25584434707179576
790,0.19304349153020436,0.3080730477812937
791,1.219334698156916,0.3854006710295417
792,-0.47340084094200363,0.3144972237952461
793,-0.8649606915428641,0.3120580112680863
794,0.2781377031508563,0.33580167975774555
795,-0.6848426634766555,0.17911579062190902
796,-0.796324411898214,0.26893932821042144
797,1.1238150966208547,0.38237537750458556
798,0.2250905991967816,0.5286380604891782
799,0.5602619985103989,0.28242184539582066
800,-0.1747102025707061,0.2983728314786893
801,-0.08732595697350952,0.2939352662338519
802,-0.6554205867205474,0.18566678841777678
803,-0.8128664295389176,0.2809522901803508
804,0.05004783710050694,0.19064479836832887
805,-0.5763335095553869,0.25346779447209267
806,1.3746952203460487,0.3944259130272225
807,-0.22764981966117004,0.3214741924652962
808,0.2408483647674996,0.3265326998698213
809,-0.6033302248524719,0.23041658567877174
810,-0.08405925818699096,0.2295711688157972
811,-0.3651147141529918,0.3394275169971709
812,-0.6865474431028179,0.19828390574067295
813,-0.7723447822111347,0.24957453177977768
814,-0.4501032390784554,0.32292303574088116
815,-0.22179636083996512,0.3194155659393656
816,-0.6813124113381275,0.17848762568525683
817,1.329166651382467,0.3900448584134703
818,0.5788527909080049,0.27219046108849465
819,0.6859677695337064,0.23425255926949215
820,-0.742750300028554,0.22283327774195996
821,0.48417322586862127,0.31735655387563366
822,-0.5157688176478432,0.294368883002262
823,-0.35000891411851204,0.577400047395347
824,-0.6541654259538301,0.1864629596192585
825,-0.006224286768708233,0.1417771524971525
826,-0.5545103577976388,0.26996143028742775
827,-0.05549861508844617,0.19737185038121793
828,-0.6241864574816165,0.3794479663541407
829,-0.6478355002629677,0.19091092475407925
830,-0.7483489246305144,0.2280710861823916
831,2.055602695226715,0.5346908045850719
832,-1.3447636505911877,0.34620386448471957
833,-0.0039723847479059445,0.14096537604192125
834,0.5998061755685871,0.26050942179838216
835,-0.3456712929064781,0.3402386733923981
836,0.6995937806630668,0.23688940937132313
837,0.8118849627902681,0.4545267609311498
838,0.007840252943312417,0.1425736485552263
839,-0.05787572089278925,0.37402519245195465
840,0.5678280363099636,0.27830202257030756
841,1.6152284689437326,0.4414037108820494
842,-0.8973166705716775,0.3268093254769919
843,-0.6905397821441597,0.18093633828610178
844,1.2912951875442014,0.5688427925716415
845,-0.9074950623505886,0.33080598702831576
846,-0.2619447984992838,0.3743503920172428
847,-0.7743207584976789,0.25125639323318694
848,1.0293024478031263,0.37283935631335835
849,-0.12598531833930604,0.2668733136342981
850,-0.055469304419620266,0.19733586341026937
851,0.6237550504849111,0.24802965749607112
852,-1.2070886520644168,0.3531942578524585
853,0.6641167658054107,0.23456638860784612
854,1.548283391583435,0.42589221276850303
855,-1.02086965615762,0.3577504909595488
856,0.05854277727592342,0.20114754011486718
857,-0.4823667825456478,0.3107702349151509
858,-0.6565605103885924,0.18497157995806252
859,0.4486125548952959,0.32866301524597197
860,1.0552295748988438,0.37646942104711084
861,-0.7089857125149956,0.19231977335993036
862,-0.6963557684331592,0.18372678528574793
863,-0.6739760347862215,0.17846980577713656
864,-0.8400326868426204,0.4162855660247806
865,1.3405685728169134,0.3909728370796111
866,0.5836910800524298,0.2694852357430587
867,0.6020522689859527,0.25927748929028105
868,-0.8794856921235311,0.3190782250469913
869,1.2835981370713705,0.3873381254975352
870,0.6659064684488312,0.8083375547841065
871,-0.3597252509303836,0.9375787758835414
872,0.011641485888947794,0.14505261751354034
873,1.4460030606529934,0.40492141192845393
874,-0.996953260503552,0.4641440647053468
875,-0.701838909720815,0.18709096734328476
876,1.2850874554400993,0.3874042364528026
877,0.4440269086259898,0.3298749938730064
878,0.4731292476337611,0.32122904771462263
879,0.13764160160595587,0.27571247002837584
880,1.5267942144563045,0.42110143200149824
881,-0.293633015762472,0.3370844814126814
882,-0.05552099555710588,0.19739932490020548
883,0.8017995248997809,0.290811432698051
884,0.8582850094825758,0.32076481438201365
885,0.8868894657243774,0.3334450390736337
886,0.4755674723441439,0.32040197802443854
887,1.0807129575321397,0.3792256914368341
888,0.36667667884803123,0.3418654917585711
889,-0.08162006517111328,0.22704963751433524
890,-0.5858974528413847,0.24561380602275215
891,-0.2917252578702856,0.3368196991333105
892,0.3998796520732376,0.4235436296532298
893,-0.7342789343503101,0.21485150032819436
894,-0.6906241284436877,0.18097038753632702
895,-0.020932231174906363,0.1539220150066349
896,0.9546331271986308,0.35675677136868256
897,-0.6566328797712105,0.18492836910680877
898,-0.6864852672125278,0.17954114751516584
899,0.9058329826322957,0.3408920565793839
900,0.6014252644443173,0.25962059909109436
901,-0.5997019895180591,0.23366254712636572
902,0.015417771308921557,0.1482569204824757
903,-0.8061429242826902,0.2762010313609709
904,0.0018339944248482315,0.14052211426129554
905,0.06278520082704492,0.206215663291986
906,-0.34846189066016053,0.3401885593486399
907,-0.6646185597795167,0.1809187084900451
908,1.3219094406102745,0.4465389280570436
909,-0.5125472417728397,0.2961304202950653
910,1.7363757161102404,0.4694480344749862
911,1.1179969407049248,0.3820446517590199
912,-0.7648536395447414,0.24306548718149676
913,0.7498128734551418,0.2598906682385048
914,0.243295410589055,0.3272723007884206
915,0.16103623764913005,0.2909924776188353
916,0.19197523147334306,0.30756811894626573
917,-0.4649215978686755,0.3177711120773409
918,-1.0271162221264352,0.3584171637638426
919,-0.018600401381035213,0.15139859659474003
920,1.7172437952397699,0.4651213907019965
921,1.721658376012953,0.4661242701488276
922,-0.6066399534886565,0.2274244336192941
923,0.031647295507010766,0.1669543567703702
924,-0.4958139526593153,0.3046548772296711
925,-0.7287199110823427,0.20963623828813394
926,0.18301808813160475,0.3031632494468532
927,-0.36496711413697225,0.3394377431207289
928,-0.5903091659053415,0.24186913441146052
929,-0.6694770666987585,0.1793154113840688
930,1.8807558796719965,0.5003651849657365
931,-0.5342073649068784,0.2835096972760289
932,-0.6383373842512174,0.19860931271970886
933,-0.8268767232825796,0.2902890066960585
934,-0.3139469052973862,0.33924424456185914
935,-0.8756488314365939,0.31728851467851854
936,0.4349555792744341,0.3321068550893891
937,0.3348798040230186,0.3421628447920714
938,-0.580651947455722,0.24996728714046829
939,1.578728448572233,0.4328726765657771
940,0.571562867427034,0.2762432790346208
941,-0.4472488578747646,0.327129738510462
942,-0.1609781460750994,0.2905960687329903
943,1.0399579845645366,0.37443921954793036
944,-0.21605626891762778,0.31728283904641186
945,0.06741751399679324,0.21160451871829447
946,-0.726601991430792,0.2076671975369447
947,0.09030678899736994,0.23597225199192265
948,0.01812878969502981,0.15092590105214138
949,-0.837959172571761,0.29715230867277115
950,0.5955869725015199,0.26284174387740206
951,0.5061600598567348,0.3086921140176742
952,-0.6725375227383107,0.17867074615021272
953,-0.6982443566355532,0.18481213482585906
954,-0.9391782780041871,0.34143719239821807
955,0.09303796368633974,0.23863590630571846
956,-1.5586022743296222,0.5918265415808233
957,0.18963628314039843,0.3064475354657139
958,0.6017677186183491,0.25943312172442884
959,1.2881973631900683,0.38754658677474413
960,-0.8186441137864948,0.2848938621738611
961,-0.6952253419707323,0.1831171007025886
962,-0.9058784272062079,0.3301907967487808
963,-0.7321881380487273,0.21288430403631692
964,0.8785242577116312,0.48494267704252836
965,1.0490170756185477,0.3756797031111918
966,-0.24196841371902308,0.5743539583059392
967,-1.3248740825364962,0.34550892578638104
968,-0.07380145474104802,0.2186812368281027
969,-0.67638654249155,0.17828251664460817
970,-0.1829727878866928,0.337029259983724
971,0.5341354902230416,0.2959086764188125
972,-0.6013669622742581,0.23217773888767504
973,0.0181119485644515,0.1509085102691889
974,-0.7039404813592838,0.18854028458935954
975,-0.5258895073519885,0.31255462072064294
976,1.6294232086165874,0.44473820985898294
977,0.0715416004805783,0.2162720101814725
978,2.340861361926489,0.588325689208178
979,-0.6350538201655856,0.20146419073313185
980,1.3806947055521905,0.39514030664461786
981,0.1068382298155532,0.25135429637930407
982,0.6788420065624338,0.23372822295761456
983,1.1566335650205812,0.38381413196163894
984,-0.5749853741745121,0.2545448274975889
985,1.0195062283206027,0.37122812647845704
986,1.4693760584701607,0.409221530085355
987,0.9807307964314611,0.36341949254445366
988,-0.7116099204384678,0.1944277343736955
989,-0.6910612984784122,0.18115003721085426
990,-0.8322899156407589,0.29369774418684563
991,-1.3727073109718473,0.6489182770690282
992,-0.022379319700950702,0.15556110049580385
993,-0.6139535825266899,0.22073102826238078
994,-1.0474422588516608,0.3600795017055898
995,-0.5741889287791584,0.25517755824137506
996,-0.14614754028962454,0.2812631770195555
997,0.7033783801835893,0.23797589330737087
998,-0.9685484607421587,0.3490277163565099
999,-0.6286713736485846,0.2071858134961928
1000,1.6967610272978675,0.460434836513589
1001,-0.19641396036207148,0.30910087482211596
1002,-0.004077917161300331,0.14099567738015578
1003,-0.5113283350407113,0.296786617566055
1004,0.72933218338634,0.2487199978023468
1005,0.908819337323444,0.3419982773437165
1006,-0.21367744070343986,0.3163654189485204
1007,-0.7812859497411546,0.25706346339490616
1008,-0.25739013955811846,0.3301902139723692
1009,0.023128606874690566,0.15645148473221054
1010,-0.8034478774986973,0.3187513428043403
1011,-0.9290366208223817,0.33832185636126094
1012,1.2077137588473668,0.38514934235755344
1013,-0.011336032766983254,0.14481268372985115
1014,0.9825283976444938,0.3638350140516626
1015,0.07094611651596743,0.21560567517618104
1016,0.5444871987891022,0.2907226387000679
1017,0.04107664075778414,0.17915060266200922
1018,0.023304958251342534,0.15665763459336032
1019,-0.6348604480700623,0.20163454553771382
1020,-1.1591101299467772,0.35786359044587984
1021,0.8806729502619411,0.3308371961364293
1022,-0.03994419939194222,0.18137594248141273
1023,-0.8174088212134489,0.28406200261608816
1024,0.04675255079065548,0.1864603340724382
1025,1.0799683613281232,0.379155533936187
1026,-0.3168597346260484,0.33945585701985864
1027,-0.7467131691441395,0.2265462846114185
1028,0.9772391308093213,0.3625967765164802
1029,0.4108966135599022,0.33696199934390864
1030,0.18880074275660927,0.30604219296689766
1031,0.7451807812443361,0.4624157786111844
1032,-0.28263525555903074,0.33541021641349916
1033,-0.8869351963291273,0.34542758879677943
1034,-0.8624368616607726,0.310769167709748
1035,1.1606183745462246,0.38394801494948116
1036,1.8617478331149593,0.49646186533936587
1037,1.5469792898921089,0.4255976851070881
1038,0.9370235505510796,0.35156373708785627
1039,-0.5954011911610558,0.2374576447090271
1040,-0.8426729723064772,0.2999364333783408
1041,-0.4915107786141198,0.30668162741013233
1042,-0.8385178900382312,0.29748645902856535
1043,-0.10870372963834739,0.25280392447834926
1044,-0.06930347102283282,0.21366671854458166
1045,-0.4460927317540641,0.32419546680040057
1046,1.4811921928732337,0.4115283179280312
1047,2.0668303864867723,0.5368315534220313
1048,0.08561935061055867,0.23128286505389703
1049,-0.0015571971904353912,0.14048655162680737
1050,1.5886114146498929,0.43517118094090046
1051,-0.21702777594520892,0.31765182449518603
1052,-0.688836475167709,0.18029183570951995
1053,-1.102887839907832,0.36106423140703325
1054,-0.8415505177691691,0.29928066044165075
1055,0.45001212326149026,0.3282819048853643
1056,-0.5992839579392261,0.23403402423618588
1057,0.6271172516543496,0.24644935138541407
1058,0.5963573434043274,0.2624143989204058
1059,-0.8384206626610688,0.29742839125807063
1060,-0.5446551331644043,0.2767511566649752
1061,0.7040108740094617,0.2381713615572186
1062,1.7445275430796168,0.47127563267962547
1063,1.8980711551679732,0.5038832437002431
1064,0.0699750950299174,0.2145136076928321
1065,0.5663400653546256,0.27911800324445574
1066,0.8911573705662443,0.3351882212968015
1067,-0.4818626088662989,0.3109871543810845
1068,-0.9882793104720745,0.43658983794756206
1069,0.09598287944964037,0.24145251260289288
1070,-0.4580445069295098,0.320251059219561
1071,0.5952704570901983,0.26301748913942613
1072,0.6695595367330373,0.23395800013493626
1073,0.1688891711900859,0.2955706013284851
1074,-0.017630432559127676,0.15039819347450809
1075,0.8171222563426056,0.2995239362130817
1076,-0.7135454655601237,0.19603449668449593
1077,-0.7878077428941043,0.26232578811103385
1078,0.22076214179331402,0.3197285911622545
1079,0.04092159028157713,0.17894968854177484
1080,0.6744816602465584,0.23370767334132858
1081,0.3970027804606536,0.33906332338727374
1082,-1.0527867396496606,0.36039263372276387
1083,-0.5953839375697391,0.23747274647385075
1084,-0.6550688361594598,0.18588673215100993
1085,-0.14306100040656125,0.2791918340553915
1086,1.5241956250961726,0.42053216918734776
1087,-0.633186803967139,0.49091403428390007
1088,-0.059681885847155586,0.202449929319661
1089,0.6733135254861468,0.23374094035248716
1090,0.8410337619942294,0.31227939151258305
1091,-0.31193548730968423,0.33908383292714794
1092,-0.6760073878868635,0.1782994858154401
1093,-0.01272574252730131,0.14589148227760723
1094,1.0656491821469811,0.37768737902916644
1095,-0.328690277924838,0.3400646551537217
1096,-0.7386306014024877,0.21895422727304797
1097,-0.6945631390461084,0.18277442723998033
1098,-0.36551828301079664,0.3393992382816994
1099,-0.7884832503606771,0.26286105439271845
1100,-0.8472559433959451,0.3025678689905059
1101,-0.5838251372162285,0.24734680121362906
1102,0.1594716702275547,0.2900485775813529
1103,-0.7911402194699647,0.26494852060364865
1104,-0.5242658563241949,0.28953091101755807
1105,-0.5852903522907345,0.24612324877707698
1106,-0.6478072093345588,0.19093224218792187
1107,-0.2550395877957044,0.32960438692873895
1108,0.7971180164415034,0.2880800609761697
1109,-0.7716071725223518,0.24894288619813867
1110,0.6646678946240671,0.23448924609612526
1111,2.0668303864867723,0.5368315534220313
1112,-0.45544473006645614,0.32114825620458887
1113,0.03571470920056764,0.3744897479833145
1114,0.49841523002433297,0.311887532725638
1115,0.6981973131279933,0.23652552231646218
1116,-0.685841943708394,0.17936468592194402
1117,1.1081101001200235,0.38142040681561673
1118,-0.20460916598318077,0.31268422415216546
1119,-0.3742165196920521,0.3386762569592522
1120,-0.059771191385486255,0.2025570505301991
1121,-1.009629229744068,0.35635827601225456
1122,0.9010591456973474,0.3390856675045518
1123,0.10572133767780037,0.2503694657861963
1124,0.22519280640937364,0.32134385900951956
1125,-0.8700861145727481,0.31461178191593264
1126,0.1932952286631767,0.3081914109095277
1127,1.748029711072919,0.47205779584833296
1128,-0.6636568382322887,0.18131571906273666
1129,-0.5087731689623091,0.4041130208769487
1130,-0.46129473242996466,0.3190983719236132
1131,-0.039592891444266406,0.17718516717378077
1132,1.9080421843353175,0.5058938901373126
1133,-0.6248871103401274,0.21064645481584018
1134,-0.8918514559487987,0.32454028554053915
1135,-0.7819006263286393,0.257566717966555
1136,0.1394106849688751,0.2769586658653185
1137,-0.6821146472302564,0.1785955318963583
1138,-0.6856554325281494,0.1793158933354779
1139,0.9444171186421804,0.3538148895419315
1140,1.1318419110985778,0.382790543595338
1141,0.988868699928885,0.3652575534703033
1142,-0.8154355447279279,0.2827209479503655
1143,-0.35292279065840165,0.3400623220048348
1144,-0.5925187523002682,0.23996624622065948
1145,-0.6998542637829328,0.18579975078600233
1146,1.5459253678830738,0.42535998367280786
1147,-1.7173756963728992,0.44556601930735645
1148,0.23586014283569087,0.32496584468442213
1149,0.09429920960053911,0.23984919432137233
1150,-0.058248669458857885,0.20072333850126975
1151,0.023996643859194356,0.15747225197805786
1152,-0.9021683765083637,0.3308100910312085
1153,0.8235137786567062,0.3030404784026919
1154,-0.481311539841016,0.3112232422815842
1155,-1.0221918990678618,0.35789789959881224
1156,-1.502214745490641,0.3780784285883891
1157,-0.019060955912915182,0.1518842757177824
1158,0.2158107497765927,0.317844819915655
1159,-0.976623929571402,0.3507597909033904
1160,-0.6094478337642982,0.22486605226763454
1161,-0.01631676382239534,0.14909566165508512
1162,-0.7050711567565844,0.18935235509800727
1163,1.7257410714910733,0.467049367667722
1164,-0.7102366388492567,0.19331382494525046
1165,-0.23138132159307848,0.32272622948042057
1166,-0.5965907753172521,0.23641399445042216
1167,1.4915639543868795,0.4136185308364228
1168,0.010778262535515658,0.14441836827078552
1169,0.7728759782231329,0.2736056667429682
1170,0.7665390677324675,0.2697910916698645
1171,0.6878474778222814,0.23449120119458108
1172,1.8617478331149593,0.49646186533936587
1173,0.09418764322395631,0.2397422942020859
1174,-0.6373873736039191,0.19942743657296874
1175,-0.7431323714235272,0.22319223389639997
1176,-0.611805089506112,0.22270658546930522
1177,-1.4135997618676015,0.35500662075326783
1178,0.6586191548895581,0.23552172167364122
1179,-0.32389908335147244,0.39881229821269026
1180,-0.24288968139646971,0.3262977499396359
1181,0.07647143691656687,0.22168983643009732
1182,0.526791314188573,0.29944548249600944
1183,-0.3111327901496142,0.3390165549080728
1184,0.8704510802043299,0.3263707705160956
1185,-0.641817147048843,0.19567738174464724
1186,-0.7049996059122909,0.18930032813377562
1187,0.7932451037209574,0.2857999440892804
1188,1.4475392487283467,0.40519247326545627
1189,-0.003031197959818226,0.14072959444789285
1190,0.8638163139621808,0.32335262636428996
1191,-0.022396855774542,0.15558126730173696
1192,0.7592106109564031,0.2654084506299602
1193,0.0701897427840064,0.21475560151559248
1194,-0.3565977326211199,0.38362618583823943
1195,1.3680414016065512,0.3936713439452734
1196,0.371257608048138,0.3415993001753075
1197,-0.3194437349541463,0.35865300005893574
1198,-0.04404667969408549,0.18294136596837954
1199,-0.5487647833628602,0.27396922793684164
1200,1.4725572507665097,0.4098343543134929
1201,0.1352293845240936,0.2739880778208237
1202,-0.7963742220514679,0.3474179043508636
1203,1.5883015857368612,0.43509895218926503
1204,0.12572573656337108,0.26690378940823245
1205,-0.7120794361141639,0.1948136878680573
1206,1.4475392487283467,0.40519247326545627
1207,0.04237213126403837,0.18082742360984788
1208,-0.718654658020261,0.2004493026944082
1209,0.39953616827769295,0.3387184618785018
1210,1.2401653280704132,0.3858858309173575
1211,-0.014806667305235801,0.14768037502925846
1212,-0.7642564770106298,0.24253786783366027
1213,0.8790129630663744,0.3763204111013827
1214,1.4441120666275518,0.40459009545625785
1215,-0.6850034769438064,0.179153759589741
1216,-0.5997372395423716,0.23363119813751593
1217,0.28271084601347773,0.3366521173038799
1218,-0.613496507118083,0.2211518049445682
1219,1.5559725230010721,0.42763730929678156
1220,1.0285235404997242,0.3727162496104843
1221,0.9640332540755085,0.36273267813043997
1222,-1.2715353730715941,0.3471629989747211
1223,1.125007630639128,0.3824399976841908
1224,-0.1967734947398464,0.3092632974761663
1225,-0.37444251815063084,0.40151716005830174
1226,0.6889085644992657,0.23464410687561366
1227,0.059745462481998066,0.20259692618919978
1228,-0.38267504844734046,0.33776450523194657
1229,-0.6995602629042788,0.1856152741038776
1230,-0.5862168127379157,0.24534524062387225
1231,-0.631288669168316,0.2048175899789412
1232,-0.5700813300746529,0.2583986388224687
1233,0.5824016718461344,0.27520329304748115
1234,1.400266239846751,0.39769348333805943
1235,1.5243440301087523,0.49419102868891635
1236,0.07208193889408777,0.21687441417728592
1237,1.0066338183219126,0.3688966343769773
1238,-0.7262833692801582,0.20737220440824286
1239,0.04083336547816882,0.17883534874090903
1240,0.7315978906758653,0.24987136015132846
1241,1.1583122948299507,0.3838714249597503
1242,0.19537169340197663,0.34091632424530616
1243,-0.5370076151437996,0.28174203025822636
1244,1.1616000124155357,0.38397989781374825
1245,0.5731868981690458,0.41157141623206167
1246,-0.7507428809674306,0.2302925385336381
1247,1.0568175782818439,0.3766635479274075
1248,1.9469387427489275,0.513641776598977
1249,0.32023209505238165,0.3413791304131791
1250,-0.7705939504979259,0.2480718639654758
1251,-0.860590778786474,0.3098131807300058
1252,-0.46170239957062953,0.31895134871535513
1253,-0.5926643961679221,0.23984019547355825
1254,-0.6738613431911392,0.1784833957393504
1255,-0.625653195881327,0.20994322849949754
1256,-0.5039108968194391,0.30065941306677363
1257,0.003226419651688078,0.14077651520155313
1258,-0.8887196699759952,0.3232004186246628
1259,0.10648005441194543,0.2510393005206476
1260,-0.06498609007105932,0.2087154378666605
1261,-0.5341571154998935,0.28354112712353075
1262,-0.5632222698025774,0.2636186728577752
1263,0.017363743292684565,0.15014559709762787
1264,-0.4765310606859861,0.313227334397324
1265,0.7713411234168402,0.2726808580428293
1266,-0.21635107338147472,0.31739515543635544
1267,-0.6393586608837978,0.1977377749755535
1268,-0.679156484650477,0.17830068060238868
1269,0.806445668378901,0.2934921569055354
1270,-0.6498589746064143,0.18941704754233107
1271,0.1402224380297276,0.2775253172126838
1272,0.15974787981434327,0.29021599411120125
1273,-0.6076043410670546,0.22654763008364678
1274,1.579639657026741,0.4330840865994664
1275,-0.7316577912925958,0.21238618231025247
1276,-0.6339424489505321,0.2024462601715013
1277,-0.27141043475627785,0.33970565887687626
1278,-0.2288035755265342,0.32186629463015254
1279,0.9793901671534411,0.36310605486390535
1280,0.9313589175601782,0.3497682426597882
1281,-0.47185784245612056,0.3151109628109623
1282,-0.44136494714003954,0.3842570027992483
1283,-0.02215617794287802,0.15530509385876537
1284,-0.7707586919197289,0.24821374835881055
1285,-1.240746408749167,0.34976095348001135
1286,-0.3342330682973445,0.34021196912549834
1287,-0.669516496600917,0.1793052612527524
1288,0.7004790231755084,0.2371305563205931
1289,-0.1871370652835963,0.30474060242483236
1290,-0.7196813603873015,0.2013616520682043
1291,-0.0012888899664865294,0.1404590719108429
1292,0.05927559793532087,0.20203185365762044
1293,-0.6323948155305739,0.20382503384612413
1294,-0.6164395501459657,0.21843894148784887
1295,-0.7220637845582921,0.20350475433076207
1296,1.1113262548509755,0.38163241567895334
1297,0.48319836035856506,0.317711401045176
1298,0.004341030452557442,0.1410788053168661
1299,-0.05893463191189684,0.20155146115786526
1300,1.033388961423014,0.37347134869767895
1301,-0.5034368557957349,0.3008999543455504
1302,0.2716447967299386,0.3344890829706065
1303,1.9032517770336,0.5049292518392393
1304,-0.5441751778416508,0.27707147178954356
1305,-0.32127066594187703,0.34877250902728196
1306,0.9974104879555259,0.3670699730009881
1307,-0.699349931099069,0.18548441040278182
1308,1.629224484806929,0.44469152570737586
1309,-1.1365317660116845,0.3595518537309779
1310,-0.7415820857775813,0.22173472517919948
1311,0.6375046093144855,0.24198170340903094
1312,-0.6991689224317128,0.18537254090123814
1313,-0.7140926417836966,0.19649593483889716
1314,1.2062836293790449,0.3851184411594012
1315,-1.3487712306126698,0.3464429542527312
1316,-0.06805498923833585,0.21224879739108365
1317,0.10891049889963483,0.2531614919908284
1318,1.5650984804764705,0.6245817734992102
1319,0.7604517056285683,0.2661471037813877
1320,-0.20604332925536606,0.3132860356282271
1321,-0.6732024791210254,0.17856964084984928
1322,0.9103930008569088,0.342573874781112
1323,-0.20334697231849605,0.3121484000258104
1324,2.082067565670433,0.5397298994264597
1325,-0.7702313691100144,0.247759229938481
1326,1.2547593457931367,0.49076021884557264
1327,-0.587751027249742,0.24404953735450371
1328,1.0173056924646726,0.3708470871860386
1329,0.19312072016212464,0.30810938483084227
1330,1.2491367356144913,0.38612445348873237
1331,0.4844670945312813,0.3172490939365518
1332,0.7349901179253168,0.2516417897496015
1333,-1.096105094758668,0.3611948412172466
1334,-0.5356262606894272,0.28261799158866224
1335,-0.6812849316799364,0.17848429627517762
1336,-0.8070154872513052,0.27682772820379714
1337,1.1757717909092464,0.3843977006607267
1338,0.6926106769756197,0.23527881848980817
1339,-0.16191427796979654,0.2911519148783389
1340,2.082067565670433,0.5397298994264597
1341,-0.01083666503979174,0.1444495170320855
1342,1.011575240064047,0.36982111528422507
1343,-0.6695909811495961,0.17928621680431206
1344,0.44154904116745575,0.330506478783944
1345,0.7447550171837684,0.2569980278438028
1346,-0.9531573609732655,0.3453087169929555
1347,-0.13266944218133278,0.27187337697587854
1348,-0.6318211689669225,0.20433908425453445
1349,0.6516729592520396,0.23718894777273947
1350,-0.027056363973658473,0.16114950490357158
1351,-0.7875819706980879,0.2621464772955935
1352,0.8490710791383042,0.3163102326012746
1353,1.3633196229704914,0.39315994169500945
1354,-0.6847804448577466,0.1791013161558939
1355,-0.7840680321568426,0.25932917785832876
1356,-0.18984535012403797,0.3060475527580652
1357,-0.7151772223661698,0.19741927031071999
1358,-0.012479929671831798,0.14569358907912686
1359,0.09142534018482325,0.2370691946779968
1360,-1.4915080222296644,0.37484290697571326
1361,-0.6241122761221068,0.21135876332650522
1362,0.0780656645169154,0.22340439265558446
1363,0.09080037374696898,0.23645733974845504
1364,-0.8142909232968274,0.32316068221494837
1365,0.7069986442850265,0.2391464204600228
1366,-0.21855508717312389,0.3182252762767327
1367,-1.0108447213599767,0.3865839279559558
1368,-0.9039515775939592,0.3294479637487956
1369,-0.6470708010000243,0.19149111181181144
1370,0.36813623636160236,0.34178675843619294
1371,-0.7929262286380849,0.2663356653462867
1372,-0.7274793263641882,0.20848121876947776
1373,0.6727415032083456,0.2337631853052112
1374,-1.2205873499966537,0.35178586988798066
1375,-0.6907049356087267,0.18100319425304584
1376,-0.2882705486385382,0.33631287875904275
1377,1.6995553430726922,0.46107728398716824
1378,0.2563199623619129,0.33089301296140355
1379,-0.14796114851954362,0.2824590370460041
1380,-1.1011571384539616,0.361103584235864
1381,0.12894851504169594,0.26935901979165155
1382,-0.644702981145221,0.19333716124590342
1383,0.07594215329583513,0.22111656734202131
1384,0.7997780365264555,0.28963555353529535
1385,0.6417471365392835,0.2403706169766173
1386,0.3016367769353498,0.3395320486504586
1387,-0.04562350359199288,0.18496583389229523
1388,0.784896164221109,0.2808328112531208
1389,2.1508093476709385,0.5527311815985383
1390,-0.6590650594101589,0.18354343366088624
1391,1.6669291677487632,0.45352334575037334
1392,0.6556301218555827,0.23617841677410373
1393,-0.2904260633703724,0.33663323918699967
1394,-0.6845685212561495,0.17905291932171333
1395,-0.7066842595368442,0.19054718308736437
1396,0.7337973471902542,0.25101322225421946
1397,-0.4607072569317486,0.3193092816662753
1398,-0.7985692829575725,0.2706337599816275
1399,-0.4570442174416675,0.32059886574870616
1400,-0.5270637523453131,0.2878760972257818
1401,-0.7980485251463928,0.27024250093067415
1402,1.4192187131022307,0.40048262813550833
1403,-0.7340632288533895,0.21464834132367844
1404,-0.6176494231959221,0.21732191884598545
1405,-0.08417164605806776,0.22968634257430662
1406,-0.1452789176402495,0.28068488037456085
1407,-0.6910578994517708,0.18114862000126172
1408,-0.324786691557216,0.33990815749312
1409,-0.31056496153377156,0.3389678374166187
1410,-0.022718236068904555,0.1559520755531406
1411,0.1347379057680803,0.2736331473635128
1412,0.061408145715830496,0.2045842972532461
1413,0.05634372350687305,0.19847228003149797
1414,-0.7176811987805536,0.1995912711122362
1415,-0.050007217813295674,0.19053800444108074
1416,-0.12122091742339529,0.2631629735717446
1417,0.24544061913649054,0.3279050856942173
1418,-0.8327999756665411,0.2940133499550583
1419,0.03131721769036229,0.16653278515090444
1420,0.4628322004338067,0.3245470363868917
1421,-0.7675959141182712,0.2454721354722963
1422,0.6823705851083669,0.2339121085787102
1423,-0.41425235430005836,0.3454984879899678
1424,-0.0639497544222083,0.2075069475715279
1425,-0.4526314339167373,0.32209446512367595
1426,-0.5079489741983302,0.2985765742885677
1427,-0.4568086581482289,0.320680297290514
1428,-0.6663937363826654,0.18025344043280195
1429,0.6105319536502003,0.4098767262131246
1430,-0.6133372118339318,0.22129839201930496
1431,0.6703361562564975,0.23389938009903327
1432,1.9440482431038635,0.5130708287268689
1433,-0.7227466233721886,0.20412497634104942
1434,0.08360607024582307,0.22922224156814675
1435,-0.00268408505074905,0.14065840687145564
1436,-0.8616367940316514,0.3103562358137545
1437,0.2898498128917414,0.3885512400310675
1438,0.0429160173041173,0.18153022560208412
1439,-0.585486705309508,0.24595863875573118
1440,-0.07756698775008607,0.37515731127662805
1441,0.018382840768054805,0.15118937945893793
1442,1.4662031718412034,0.4086165741116595
1443,-0.7441314590664447,0.2241299958473984
1444,1.1160213322962915,0.3819263359651896
1445,-0.6387421194271657,0.19826289997005817
1446,-0.5767891748482357,0.25310205594497764
1447,1.0005930550770612,0.3677153539881343
1448,-0.6231994422964571,0.21219908377132254
1449,1.1322131654163052,0.3828086511565107
1450,0.5479552505693152,0.28893622545096903
1451,1.7971261222203354,0.4828280245507156
1452,-0.7397618561866752,0.22002058328079785
1453,-0.8351139560688896,0.2954331918311045
1454,0.6874601649292668,0.4543234958390286
1455,0.36079113074493,0.3421252276245397
1456,0.545776435874822,0.29006128224732924
1457,-0.1245964629595287,0.26580451708252334
1458,-0.7429772962286886,0.22304656197449027
1459,-0.13778168265396537,0.27554131879968646
1460,1.2096689411077053,0.3851915039565176
1461,0.111727626258138,0.2555770362165866
1462,-0.798067140193331,0.2702565057336955
1463,-0.47240370912118895,0.3148947605446933
1464,0.04286776640118457,0.18146790833595217
1465,-0.8611188654133816,0.31008779689783766
1466,-0.3867689977855191,0.337248960963868
1467,0.004821772371075932,0.14123577872344786
1468,0.48174540214259587,0.31823560461684364
1469,-0.42742595024954855,0.329452664752694
1470,-0.9656493868104382,0.3483695714849591
1471,0.0923973437338642,0.23801560296566954
1472,0.01648133961749247,0.14927135218684912
1473,-0.7519414935891179,0.23139977915488907
1474,-0.5852270422329016,0.24617629172233066
1475,0.9765355234511742,0.3624284799522285
1476,-0.04633426583485123,0.1858752426232652
1477,1.5563903260959286,0.42773252815088125
1478,-1.0478622394781052,0.7254081833302375
1479,-0.16872504693159723,0.29508164563684
1480,1.5349273233073286,0.4228980205667635
1481,-0.06123297741561978,0.20430260470875086
1482,0.8911157229028526,0.3351713957429228
1483,0.5450437844959138,0.29043752238737686
1484,-0.5904439404394974,0.24175358028329777
1485,1.2995287267582145,0.3881172105373277
1486,-0.7252334338944473,0.20640274695991695
1487,0.5997559221409207,0.2605370705915144
1488,0.012739089897001631,0.1596692544152347
1489,-0.01807949448412645,0.15085745240937432
1490,-0.7781892068382175,0.25450520863127535
1491,-0.6462567075407433,0.19211760872388045
1492,0.780726259855373,0.2783320353094817
1493,1.1940576315472535,0.3848482695626426
1494,-1.3687624200608353,0.5406869599131824
1495,0.6167317587758466,0.2514989175518678
1496,-0.22545230214896217,0.320714965321949
1497,1.195303588075888,0.38487654669215404
1498,0.07175556750298714,0.21651080742260237
1499,-0.0026050514136859645,0.1406433944308569
1500,0.4547732885917829,0.32694616634839346
1501,-0.3844404854527659,0.33754814225657087
1502,-0.8151326736631153,0.2825137782438755
1503,-0.651283480415686,0.188404069356641
1504,-0.5537710001553009,0.2704849488190826
1505,-0.7242749106296656,0.20552151262635485
1506,0.6730773524834718,0.2337496508317166
1507,-0.6096157242680602,0.22471257286813087
1508,0.6506844257441032,0.23746552790134448
1509,2.0236241181326706,0.5285655351842509
1510,-0.20625369826452672,0.3133736862771976
1511,-0.7299268221249496,0.2107637456263144
1512,-0.15905108756919625,0.3827319461888606
1513,-0.01974286483821894,0.152615277226205
1514,0.9369675912584614,0.3515463020349309
1515,0.05181691759764499,0.19286794776997615
1516,-0.6783067100227493,0.1782685065284006
1517,-0.7918990413742549,0.2655394532984167
1518,-0.6200268055739284,0.2151261031613729
1519,0.01611479275456043,0.148916736482261
1520,-0.7273120286488205,0.20832580429523692
1521,-0.07202427932330834,0.21671754681931493
1522,-0.02572658540934391,0.1595227875369092
1523,-0.6784410177596946,0.17827202561416794
1524,-0.6694503869715526,0.4097511775363756
1525,-0.4165574603506449,0.3320197038363179
1526,-0.6287945108773844,0.20707385264859832
1527,0.047394674261188416,0.1872797997456079
1528,-0.5139034403373742,0.29539368307204245
1529,-0.9094002467305159,0.3315216111527981
1530,-0.616718060421307,0.21818186620271526
1531,0.8000264764657077,0.2897803651891519
1532,-0.741746652903739,0.2218895643570853
1533,1.5518480279125777,0.42669946556240157
1534,-0.9090796231481723,0.33140188561721506
1535,-0.8129216124749187,0.2809905503920441
1536,-0.6989240159592321,0.18522229390321207
1537,-0.1976364091917069,0.30965115559768097
1538,-0.026943846929675094,0.16101089669266208
1539,-0.6372375913330824,0.1995570424641583
1540,0.6252524549851951,0.24731874206893223
1541,1.037064564686575,0.37577954700489424
1542,-0.16552192702664723,0.29325832517547923
1543,-0.24327492563876943,0.3264098388900887
1544,1.5554318806198923,0.4275141529577002
1545,-1.1798765141113143,0.355966977694036
1546,-0.6895057499611743,0.18053520013246624
1547,-0.010631683001440127,0.14430433409802004
1548,-0.680020251206032,0.17835747754143685
1549,-0.6813009410016434,0.17848623299002445
1550,-0.00959059970144447,0.1436029799663621
1551,-0.30415972855560897,0.4702030722516723
1552,-1.1102612071632856,0.36085168945460483
1553,-0.0027624482620801725,0.14067373056926077
1554,-0.7682068960406506,0.24600463725784774
1555,-1.0797130787330764,0.3612373740299081
1556,-0.8495121684988378,0.30383641494132585
1557,1.0864470844727934,0.37974637942636363
1558,0.18333700314284013,0.3033254071709726
1559,-0.21430842690436896,0.31661069795843755
1560,-0.6781316135880069,0.178264802035523
1561,0.27021562716074665,0.33418346136965005
1562,-0.6622748605052138,0.181929698929005
1563,-0.7358931014877641,0.2163727564729358
1564,-0.6468710246626662,0.19164402377006037
1565,-0.847793205139435,0.30287154174283043
1566,1.5909276150757825,0.43571145396602523
1567,-0.6895753539815891,0.18056124913929136
1568,1.0675075557068097,0.3778910414749737
1569,0.1261819215097709,0.2672546883618981
1570,-0.6362668942656529,0.20040084649869594
1571,0.6959603067250474,0.2359855894280521
1572,0.13545527134203234,0.27415079634973766
1573,-0.6900895097270456,0.18075794484970034
1574,-0.13238413379679628,0.2716647353795838
1575,1.0101459105173156,0.3695575266225056
1576,2.1508093476709385,0.5527311815985383
1577,-0.031176963652578545,0.166322569773621
1578,0.11916383089822102,0.26173110998386573
1579,-0.7033491892219218,0.1881244044119928
1580,0.18968468554530388,0.306470935217062
1581,-0.6624267201272545,0.18185977297367217
1582,-0.8790798637237688,0.31889108515915426
1583,-0.5708685883409589,0.25778678114032905
1584,0.23550734978451215,0.32485199873789933
1585,-0.30492244876164226,0.3384329788813707
1586,-0.7501588944071698,0.22975182220207443
1587,0.18920192186073762,0.30623714769902755
1588,-0.33171635522789206,0.3401559662275289
1589,0.8106618655999829,0.44825505456041537
1590,-0.4523447305913848,0.32218945957550776
1591,-0.17522518043278706,0.29864907587521555
1592,-0.23191639655135327,0.32290195230730234
1593,-0.6849050237617125,0.1791304188571266
1594,-0.39362440815400307,0.3362766307458768
1595,0.46795518961329313,0.3229316513448509
1596,-0.6865700064892881,0.1795653301342951
1597,0.17117052267435248,0.2968517007791554
1598,-0.7105529850092519,0.19356838599904433
1599,0.02583027771359491,0.15967416975991242
1600,-0.3597654801001521,0.3397583277820082
1601,-0.29282339954638376,0.3369734221032606
1602,0.7554268262131902,0.34355026972170566
1603,0.39886563383224266,0.33881140098434814
1604,0.08329641712699316,0.22890279740294145
1605,-0.7757142517478884,0.2524334127007348
1606,0.06811970221185654,0.21240792721741028
1607,0.3474750623039042,0.34237040652534645
1608,1.1369723554743327,0.38303263432364865
1609,-0.062161266319060826,0.20540335396494075
1610,0.4948170245805034,0.31331937533693927
1611,-0.7619252557488266,0.24046633093842446
1612,-0.7001623898839944,0.18599501686745945
1613,-0.6902465065886723,0.18081949811126205
1614,-0.09475535663355164,0.24014332190594054
1615,0.2776257818804275,0.3357026856736036
1616,0.7934052576049762,0.28589456959658405
1617,1.3448452090552467,0.3913493885609844
1618,-0.6708237777787668,0.3149258638859792
1619,0.6142090961775069,0.2527921303001289
1620,-0.6007342117254825,0.2327429956265154
1621,1.2042024112924987,0.4439468013825953
1622,-0.8879450970747766,0.3228645323799127
1623,-0.2615348519758877,0.3311812163689078
1624,-0.6947964847782117,0.18289393680358507
1625,0.4541332889773258,0.3271292463843526
1626,0.5724678276036839,0.27574238242265475
1627,-0.2470727730602753,0.32748929271742083
1628,-0.8459534590741803,0.3018275015337489
1629,-0.8750694365548868,0.31701426702096297
1630,0.3292452147159671,0.34193073076314867
1631,-0.8851051939824803,0.32161763854908776
1632,-0.04400602213180407,0.23520357938651648
1633,-0.2585165240089358,0.3304648220117053
1634,0.9109910891032618,0.34279131500177207
1635,-0.629260102233008,0.206650965248677
1636,-1.3499934403860328,0.3465226310004385
1637,1.0739551656284834,0.37856693253602824
1638,0.2316722099028086,0.3235883487740843
1639,-0.18268100459873807,0.3025279966598364
1640,0.34782613641127613,0.34237005647945457
1641,1.0984234458504676,0.3807266650884721
1642,-0.7660989344761289,0.24416171037421558
1643,-1.3727073109718473,0.6489182770690282
1644,0.5281790555138459,0.2987866430094585
1645,0.2837416959300231,0.33683542607381145
1646,-0.45097868027832094,0.3226384479757651
1647,-0.3217664091592012,0.3397571048121833
1648,0.6195890193238398,0.2500625545553795
1649,-0.5508367805511248,0.3111031149214238
1650,-0.4115832796615816,0.3330756658192199
1651,-0.9219832618483279,0.33599803705560294
1652,-0.7500653558690135,0.3340993776411806
1653,0.6868552517033311,0.23436007550744878
1654,-0.16119945245563574,0.2907278206850512
1655,1.5975292284487637,0.4372540404506696
1656,0.6101465571179777,0.25491777907155455
1657,0.23501649586283208,0.324692931124992
1658,-0.3727718248152831,0.33881137741962564
1659,2.029375761301107,0.5296706171102679
1660,-0.7497454230628853,0.2293685106407192
1661,0.048483627596615606,0.18866514050293304
1662,0.13984206849505665,0.289164957988975
1663,1.02151194291305,0.37156925872095725
1664,0.5646905579870082,0.28001945137401085
1665,-0.495645977861799,0.3047352396884658
1666,-0.4185528798991439,0.331575213118353
1667,2.1508093476709385,0.5527311815985383
1668,0.004265760210240806,0.14105566837972472
1669,0.6781659570593388,0.23371006047254436
1670,-0.14154384142758283,0.27815679076443783
1671,-0.24956861729539034,0.32817355324048575
1672,0.321766157468585,0.34148874743017266
1673,-0.1642381723009015,0.2925152362434516
1674,1.0033967829036734,0.368270693733468
1675,0.13253578155014195,0.29623994709516743
1676,-0.6617959479050101,0.18215412687547744
1677,-0.6757198473603793,0.17831547154498442
1678,-0.6014128850837893,0.2321366688541817
1679,-0.2884820706278374,0.3363449242765385
1680,-0.10223177570663528,0.24708205852956072
1681,-0.5818669443105924,0.24896869959750179
1682,-0.3177491473273851,0.3395156006292752
1683,-0.8462088307713405,0.3019731283593284
1684,-0.7115005473203334,0.19433819196594967
1685,-0.5782208898173831,0.25194731267146203
1686,-0.49214051246934043,0.30638917162341145
1687,1.426466680149946,0.4016283012299977
1688,1.5257093539816686,0.4208634840494891
1689,2.340861361926489,0.588325689208178
1690,0.44854685724296245,0.3286807762904876
1691,-0.0017991971381395664,0.14051578246523744
1692,0.7747101361664419,0.2747109280754733
1693,-1.143754659941307,0.3590624044282074
1694,0.7277727434122471,0.2479432152626543
1695,-0.13391724276341183,0.27278094371089784
1696,1.3363322136586193,0.3906152725231176
1697,0.19113680335642325,0.3071688118920319
1698,1.6829486260136257,0.4572460557541163
1699,-0.9122427188331775,0.3325705892249996
1700,0.43187469883510177,0.609899824300977
1701,-0.04058821399079104,0.1784749325351853
1702,0.27325163369947414,0.3348254780486747
1703,-0.5537587193227727,0.27049362507769226
1704,-0.6555306106126352,0.1855985099865133
1705,0.9707216928164316,0.3610052884742376
1706,0.1743157658811735,0.2985826184108885
1707,-0.8124784655085886,0.2806829652399075
1708,-0.7763895057119314,0.40497673475064044
1709,-0.23526446875938195,0.32397993298902494
1710,-1.0541733431310507,0.36046572460261717
1711,1.3703066791526595,0.3939237779962131
1712,-0.6530723974897685,0.18718125051607343
1713,0.49030618616454197,0.31506666518312104
1714,-0.6442594644283458,0.19369073047422608
1715,-0.2002754591693641,0.31082016184897443
1716,-0.4794225390263264,0.31202455479444396
1717,-0.7445821838498852,0.22455260189500897
1718,-0.654263306006765,0.18639975225924496
1719,0.41557491538981023,0.3361387921975492
1720,0.40086307079626904,0.3385310215235202
1721,-0.4845122154007196,0.3098372830537902
1722,-0.5178729112384389,0.29319692655253016
1723,0.7366453158993626,0.2525242869106311
1724,-0.3951462710565932,0.33604218666772695
1725,-0.067569930576534,0.21169485819689235
1726,-1.011434148093864,0.35659880140198247
1727,-0.5117900400977654,0.2965387212771314
1728,-0.6406640454420021,0.19663678287963957
1729,0.22024695710766934,0.3195364789562469
1730,-0.7560615561798757,0.23517711600696953
1731,-0.8289179085358586,0.29158713823371263
1732,1.5975292284487637,0.4372540404506696
1733,-0.9582320566263419,0.3465966467166788
1734,-0.3568605491322383,0.3399037113583169
1735,1.2153994291302241,0.38531510825292314
1736,-0.3187640411624729,0.3395809923381497
1737,-0.6202374720330126,0.21493155549693818
1738,1.7990364183245604,0.483239707232854
1739,0.5750230988965398,0.27432430431047794
1740,-0.7716270396026418,0.2489599262692058
1741,-1.1321505139134105,0.4397818269910721
1742,-0.6483750699592347,0.19050657126081139
1743,-0.20125123295505776,0.387447911969671
1744,-0.11260304378047424,0.2561286793339938
1745,0.797491397354843,0.28829894230909847
1746,0.22528297365494604,0.32137604773076067
1747,0.023017875559534655,0.15632237469771249
1748,-0.014188736755108674,0.1471287022155074
1749,-0.14179443257505395,0.2783285244576739
1750,-0.6148020990491979,0.2199492984956226
1751,-1.3838816646084375,0.35000160882701464
1752,-0.4137256022544308,0.33262996438983156
1753,1.4518157837245431,0.40595595406092966
1754,-0.01062676587972095,0.14430087959924817
1755,-0.29856391006351,0.3377193070534591
1756,1.2369712145134737,0.3858061583489278
1757,-0.5899006129932988,0.24221901055560638
1758,0.23712509135283444,0.32537074019669054
1759,0.8683325098673254,0.32541723081213236
1760,0.003360860420359525,0.1408083628599371
1761,1.484507988128279,0.4121901798419464
1762,0.676776786766887,0.2336899947936855
1763,1.5482953914598092,0.4258949249382916
1764,-0.25485215682875145,0.32955692825500044
1765,-0.5762589935814499,0.2535275227012399
1766,-0.6843805660121729,0.1790111690392748
1767,-0.465068372631793,0.3177164838773631
1768,1.5686017405964616,0.4305314835753062
1769,-0.3623805660888907,0.33960682760329486
1770,0.49259443733014724,0.31418695763770726
1771,-0.20202912952914323,0.3115827518958092
1772,0.7786085260147573,0.2770586184542366
1773,-1.2614828738610253,0.3479185188962324
1774,1.194218211698913,0.4424580412295128
1775,0.02206621103593183,0.15522377043714794
1776,-0.6340721245287726,0.20233130753651127
1777,-0.463941849137023,0.3181339368597482
1778,0.8952571076723563,0.3368267213864169
1779,-0.10101880463861711,0.24598067471135623
1780,-0.45666208955839693,0.3207308741817898
1781,-0.5094928151826703,0.29776417331329513
1782,1.7057638783537683,0.46250129249327315
1783,-0.7025872295196901,0.18759773971764993
1784,-0.2413017989878314,0.3258306836491091
1785,-0.691933513713181,0.18152416686289666
1786,-0.7848828826557459,0.423462615422605
1787,1.3664755312037127,0.3934995372423682
1788,-0.5676799892113141,0.26024880991209465
1789,0.8847826747328464,0.33257039096234203
1790,-0.5945072889276649,0.23823871726360363
1791,-0.2235008517449852,0.32002704363141926
1792,0.14427135544553712,0.2949254982864761
1793,-0.7750087041665042,0.25183841092333814
1794,-0.053814505330173346,0.19529531843923603
1795,1.7073966181554596,0.46287498166922575
1796,0.41979388333401724,0.33534640163369234
1797,-1.142183562972145,0.3591732115495863
1798,-0.5250982239150765,0.28904183500305
1799,0.007187776772051048,0.14223442580707693
1800,2.082067565670433,0.5397298994264597
1801,0.06805895855215273,0.212338568175846
1802,-0.5032015661428378,0.30101903848865164
1803,-0.10628419826878602,0.2506949600703657
1804,-0.7680167259007079,0.24583904073788615
1805,1.568562454710788,0.43052243345072544
1806,-0.6941640181685425,0.18257317992153657
1807,-0.5578298613052888,0.2675825380900077
1808,-1.0376103856914514,0.35937037510658437
1809,-0.007156995586762733,0.14221214099927024
1810,-0.5727631283060001,0.25630365798575433
1811,-0.026370485597919754,0.16030727970182138
1812,-0.7501333387189566,0.22972814194079919
1813,-0.9025430910193957,0.3288983293415011
1814,-1.010872572302738,0.35652466856711235
1815,0.01225219971170749,0.14552479530708542
1816,0.7851624402512247,0.28099213153501335
1817,-0.801762976939101,0.2730094095085009
1818,-0.4124625804473008,0.3328943914855288
1819,-0.9336511168178824,0.3397719800646471
1820,0.6848318030158987,0.23412847232190995
1821,0.010825306296347877,0.14445190670021524
1822,0.10658057304950053,0.25112778005502384
1823,-0.010887247007520303,0.14448569389988622
1824,-0.2017444520248854,0.31145972701637353
1825,-0.6552280765541606,0.18578685073020929
1826,-0.7140304046555724,0.1964432976788337
1827,1.4407767133518394,0.4151132018809493
1828,-0.1097215583311036,0.2536805249505512
1829,-0.02224356720630288,0.15540521849096361
1830,-0.5014827870416211,0.3018827549032719
1831,-0.6625103621895037,0.18182151521714368
1832,-0.691354645259444,0.18127354532624285
1833,1.137271295368264,0.3830462103244598
1834,1.0399377693766803,0.37443633048389363
1835,1.1801047273997596,0.384511843701224
1836,-0.6609033983975624,0.1825879838967353
1837,-0.7578854744429078,0.23683386492996195
1838,0.05813196960006982,0.20065021910530167
1839,0.029872353254432184,0.16469692348773388
1840,0.027698139411092816,0.161970707887734
1841,-0.3024870752605064,0.33817356267011955
1842,-0.04007890564388825,0.17781510537852505
1843,1.4843730927533634,0.41216313428913914
1844,-0.3628134775028745,0.4010049900356257
1845,0.6979895756122685,0.23647313785654095
1846,-0.31427565008537733,0.33926935188138024
1847,2.2630738133963395,0.5738072695431637
1848,0.742341957226349,0.27663385913988053
1849,-0.19090804634676858,0.32035000075573306
1850,-0.19043017807567952,0.30632606313247457
1851,1.3801102986327032,0.3950693009337818
1852,-0.21598980423229394,0.3172574750540642
1853,-0.016683376974395127,0.1494527986194715
1854,-0.573512311336754,0.2557130122016169
1855,0.336267879109684,0.3422067733021861
1856,0.42641933786292524,0.3340062417017283
1857,0.17928313661158082,0.3012343329026096
1858,-0.03733205434577337,0.174253370131905
1859,0.2342046453923048,0.32442812761825374
1860,-0.17203328898168424,0.29691926613536856
1861,0.6205912576769277,0.2495665089885211
1862,-0.8780552231295207,0.3420144634391635
1863,-0.6546161485808615,0.18617345462534363
1864,-0.584164123846829,0.24706447896357495
1865,-0.5107510758341979,0.29709542265888783
1866,-0.668943084390757,0.1794575282319894
1867,-0.47562423310902907,0.3135986551657759
1868,-0.05114353208665343,0.19196655987698732
1869,-0.08559023940589457,0.23113251454382644
1870,-0.8858127001586598,0.3219305485584537
1871,-0.38957053820514653,0.3368681396026773
1872,0.16262268819983317,0.29193867912813415
1873,-0.443273435406624,0.32505936854071077
1874,-0.7483815017307979,0.22810139944567231
1875,1.7033536713552018,0.46194904759150784
1876,0.5730311487085108,0.2754302182524341
1877,0.01122831487265875,0.14474410513801694
1878,-0.5354936304967358,0.28270168877962293
1879,-0.4688402570497747,0.31628803508988207
1880,0.9855536781828842,0.36452210101501703
1881,-0.019405153367634775,0.15225151930392164
1882,-0.689121695827389,0.18039396897598495
1883,-0.27681869123276,0.33437907245295007
1884,0.7554966732553274,0.26321004998988196
1885,0.7176856251956272,0.2432743986140767
1886,-0.7082891205940748,0.19177528968158997
1887,1.1203460861214967,0.38218132352979023
1888,1.2841853011997646,0.3873640327776837
1889,-0.622859058196422,0.21251270036933348
1890,-0.9266157035905556,0.33753898450101844
1891,0.6367079146443402,0.24229923015268795
1892,-0.84994944633919,0.30408023448852917
1893,-0.30185175372078266,0.3381030477640796
1894,1.7538191757809922,0.4733467904783192
1895,1.906416614967619,0.5055668257192916
1896,0.720545292583451,0.2445300921235669
1897,-0.5555994268610418,0.26918609044398073
1898,-0.034183168914385983,0.17017885068376187
1899,-1.379714442516912,0.3494422240379412
1900,0.635879338760462,0.24263424987846322
1901,0.06854717389240034,0.21289527323475174
1902,1.1623902390547356,0.38400525979671846
1903,-0.6841809306351488,0.5452932639439966
1904,1.8980711551679732,0.5038832437002431
1905,1.0105567247923406,0.36963360354998476
1906,0.3509329739312487,0.3500531562808733
1907,1.5956265043751292,0.4368090569283431
1908,-1.1514566152141381,0.3584862892550243
1909,-1.2378224199383998,0.43259835573860683
1910,-0.8435013849791714,0.3004175566693359
1911,2.0668303864867723,0.5368315534220313
1912,-0.5239366487642266,0.2897235921786313
1913,-0.04926430518675419,0.18960026771496546
1914,-0.9454230297201371,0.3432261726316004
