item,section_prompt,item_text,combined_text
s_vocab_34_2021,,Choose two words that best go with the word physical characteristics.,"Choose two words that best go with the word physical characteristics.
looks like
acts like
sleeps
claws"
s_vocab_18_2021,,Choose two words that best go with the word theory.,"Choose two words that best go with the word theory.
idea
argument
theme
fairy"
s_vocab_33_2021,,Choose two words that best go with the word habitat.,"Choose two words that best go with the word habitat.
weather
place
forest
wing"
s_vocab_9_2021,,Choose two words that best go with the word system.,"Choose two words that best go with the word system.
interconnect
cold
direction
network"
s_vocab_20_2021,,Choose two words that best go with the word organism.,"Choose two words that best go with the word organism.
order
Creature
animal
practice"
s_vocab_23_2021,,Choose two words that best go with the word reptile.,"Choose two words that best go with the word reptile.
report
lizard
Mobile
cold-blooded"
s_vocab_6_2021,,Choose two words that best go with the word diagnosis.,"Choose two words that best go with the word diagnosis.
treatment
toothbrush
exercise
symptom"
s_vocab_28_2021,,Choose two words that best go with the word behavior.,"Choose two words that best go with the word behavior.
fur
acts
does
grass"
s_vocab_12_2021,,Choose two words that best go with the word carnivore.,"Choose two words that best go with the word carnivore.
Fruit
meat
care
prey"
s_vocab_27_2021,,Choose two words that best go with the word species.,"Choose two words that best go with the word species.
not real
type
family
furry"
s_vocab_31_2021,,Choose two words that best go with the word diversity.,"Choose two words that best go with the word diversity.
riches
mix
variety
large pieces"
s_vocab_17_2021,,Choose two words that best go with the word evidence.,"Choose two words that best go with the word evidence.
choosing
showing
feeling
proving"
s_vocab_19_2021,,Choose two words that best go with the word hunter.,"Choose two words that best go with the word hunter.
search
conclusion
handout
catcher"
s_vocab_15_2021,,Choose two words that best go with the word hypothesis.,"Choose two words that best go with the word hypothesis.
guess
poem
hippo
thought"
s_vocab_16_2021,,Choose two words that best go with the word brutal.,"Choose two words that best go with the word brutal.
harsh
brave
friendly
cruel"
s_vocab_13_2021,,Choose two words that best go with the word extinct.,"Choose two words that best go with the word extinct.
living
lost
existing
gone forever"
s_vocab_10_2021,,Choose two words that best go with the word sensory.,"Choose two words that best go with the word sensory.
visual
sleep
interact
detect"
s_vocab_11_2021,,Choose two words that best go with the word function.,"Choose two words that best go with the word function.
mystery
teeth
operate
perform"
s_vocab_0_2021,,Choose two words that best go with the word signal.,"Choose two words that best go with the word signal.
transmit
metal
similar
messenger"
s_vocab_25_2021,,Choose two words that best go with the word unique.,"Choose two words that best go with the word unique.
terrible
characteristic
different
careful"
s_vocab_26_2021,,Choose two words that best go with the word survive.,"Choose two words that best go with the word survive.
dirt
music
alive
food"
s_vocab_30_2021,,Choose two words that best go with the word advantage.,"Choose two words that best go with the word advantage.
finds
follows
helps
power"
s_vocab_7_2021,,Choose two words that best go with the word fracture.,"Choose two words that best go with the word fracture.
solve
crack
fragment
attach"
s_vocab_21_2021,,Choose two words that best go with the word trait.,"Choose two words that best go with the word trait.
characteristic
truth
feature
exam"
s_vocab_2_2021,,Choose two words that best go with the word repair.,"Choose two words that best go with the word repair.
surgery
harm
motor
heal"
s_vocab_32_2021,,Choose two words that best go with the word adaptation.,"Choose two words that best go with the word adaptation.
freeze
scientist
fit
change"
s_vocab_1_2021,,Choose two words that best go with the word skeletal.,"Choose two words that best go with the word skeletal.
protection
support
hair
eye"
s_vocab_14_2021,,Choose two words that best go with the word fossil.,"Choose two words that best go with the word fossil.
bone
footprint
folks
Utensil"
s_vocab_4_2021,,Choose two words that best go with the word muscular.,"Choose two words that best go with the word muscular.
contract
intelligence
tendon
spine"
s_vocab_35_2021,,Choose two words that best go with the word complex.,"Choose two words that best go with the word complex.
hard
quick
upset
problem"
s_vocab_8_2021,,Choose two words that best go with the word structure.,"Choose two words that best go with the word structure.
symbol
building-block
framework
wheel"
s_vocab_24_2021,,Choose two words that best go with the word potential.,"Choose two words that best go with the word potential.
bones
report
future
ability"
s_vocab_22_2021,,Choose two words that best go with the word paleontologist.,"Choose two words that best go with the word paleontologist.
pair
dinosaur
paint
history"
s_vocab_3_2021,,Choose two words that best go with the word organ.,"Choose two words that best go with the word organ.
sweat
lungs
heart
thought"
s_vocab_5_2021,,Choose two words that best go with the word nervous.,"Choose two words that best go with the word nervous.
ribs
neuron
brain
toes"
s_vocab_29_2021,,Choose two words that best go with the word camouflage.,"Choose two words that best go with the word camouflage.
protect
air
tell
hide"
