id,BT_Score_Bipartite,BT_Strength_Bipartite,BT_Total_Wins,theta_2PL,se_2PL,theta_1PL,se_1PL
1,0.6331738067108033,1.8835792189652567,12.0,0.008086846163486643,0.07368185784174014,0.237893220830109,0.44425348254662983
2,2.7966972269208066,16.39042342743489,18.0,0.8183561646593192,0.2830133314097957,1.5972730011752376,0.5302868214788246
3,-0.1783381875297083,0.8366594278535548,9.0,-0.009094658549341402,0.07806270464194126,-0.34197848210489984,0.4423268470045798
4,1.2023738783888167,3.3280078388797882,14.0,0.13238314637729615,0.2687721408194793,0.6441567381084209,0.45674975921481575
5,-1.7506359546926684,0.17366346622862158,4.0,-0.7326466583387551,0.18718033467957382,-1.3792428402798007,0.480996615577575
6,-1.7506359546926684,0.17366346622862158,4.0,-0.7505726999705712,0.21186438284939793,-1.3792428402798014,0.4809966155775752
7,-2.722674056086921,0.06569883694978011,2.0,-1.4171692814108154,0.34117795415653507,-1.8805070197845477,0.5235080749952267
8,-2.722674056086921,0.06569883694978011,2.0,-1.3111843493880149,0.32796493593085624,-1.8805070197845475,0.5235080749952267
9,-2.179724708774274,0.11307265426581173,3.0,-0.9421398482682509,0.33842893679810354,-1.6191132030470632,0.4996121170621584
10,-1.7506359546926684,0.17366346622862158,4.0,-0.9420855015210315,0.3384133907688156,-1.3792428402798007,0.48099661557757495
11,0.9111675491506434,2.4872247959860214,13.0,0.0031519930366060256,0.04643428248975614,0.4384193451634282,0.450874642575472
12,1.5155383840492433,4.551871122073627,15.0,0.22205269733535205,0.31821327106190644,0.8576391190911923,0.46855803871916646
13,-1.0516426299147443,0.349363402744572,6.0,-0.6366946357807535,0.1649859092886589,-0.9397274248871861,0.45724217541404494
14,-2.179724708774274,0.11307265426581173,3.0,-1.0064054917966858,0.3514824971194117,-1.6191132030470619,0.49961211706215836
15,-2.179724708774274,0.11307265426581173,3.0,-0.856428057941619,0.30253908331902235,-1.6191132030470616,0.49961211706215825
16,-1.7506359546926684,0.17366346622862158,4.0,-0.6770283566001697,0.08697657692337973,-1.3792428402798005,0.4809966155775747
17,-1.7506359546926684,0.17366346622862158,4.0,-0.6990002327192738,0.12524223377204902,-1.3792428402798007,0.48099661557757495
18,-2.179724708774274,0.11307265426581173,3.0,-0.9360443631224714,0.3366341166294373,-1.6191132030470616,0.4996121170621582
19,-1.7506359546926684,0.17366346622862158,4.0,-0.716424898327341,0.1604459761599488,-1.3792428402798018,0.4809966155775754
20,-3.549157190102058,0.028748859269686993,1.0,-1.5486323995876328,0.3920373466846941,-2.169482585293585,0.5526747443391145
21,2.273399999944665,9.71236678670042,17.0,0.6705967512324817,0.08554108751018069,1.3300249034664429,0.5048778941071637
22,1.2023738783888167,3.3280078388797882,14.0,0.13238314637729615,0.2687721408194793,0.6441567381084209,0.45674975921481575
23,8.37497915244187,4337.17785797324,20.0,1.5437170007882703,0.5197307200173314,2.2370571041226452,0.6057582936518646
24,-0.4563580939603039,0.6335869128240579,8.0,-0.004242060049244585,0.05366352454983941,-0.5381486843237568,0.4431972892241812
25,0.6331738067108033,1.8835792189652567,12.0,0.00033909809707672467,0.020540300169258303,0.23789322083010855,0.4442534825466296
26,-3.549157190102058,0.028748859269686993,1.0,-1.648553677428934,0.43543180666082537,-2.1694825852935846,0.5526747443391147
27,-1.7506359546926684,0.17366346622862158,4.0,-0.703992346543089,0.1361107231082793,-1.3792428402798012,0.48099661557757495
28,-27.631020715519405,1.0000004004092242e-12,0.0,-1.8753344253307365,0.5215794635459088,-2.495368203542421,0.5904289904366912
29,-1.382443817216711,0.2509644916929143,5.0,-0.6890560359139974,0.10250341069852141,-1.1541293203156038,0.4686054807963771
30,8.37497915244187,4337.17785797324,20.0,1.5437170007882703,0.5197307200173314,2.2370571041226452,0.6057582936518646
31,1.5155383840492433,4.551871122073627,15.0,0.19979999513418187,0.3091239113971272,0.8576391190911923,0.4685580387191664
32,8.37497915244187,4337.17785797324,20.0,1.5437170007882703,0.5197307200173314,2.2370571041226452,0.6057582936518646
33,2.7966972269208066,16.39042342743489,18.0,0.8491526516188337,0.3060916507790793,1.5972730011752396,0.5302868214788251
34,1.2023738783888167,3.3280078388797882,14.0,0.17362578296630934,0.29594487257887403,0.6441567381084206,0.45674975921481614
35,2.273399999944665,9.71236678670042,17.0,0.6893722291327853,0.09653294478882848,1.330024903466443,0.5048778941071642
36,0.6331738067108033,1.8835792189652567,12.0,0.0036900287910921893,0.05013052076252336,0.23789322083010855,0.4442534825466296
37,-0.4563580939603039,0.6335869128240579,8.0,-0.06189164694561964,0.19528590528799789,-0.538148684323758,0.4431972892241812
38,0.3621333091677741,1.4363904132082153,11.0,-0.0003102978728951467,0.020288324188400927,0.04366851717855137,0.43790893180894686
39,2.7966972269208066,16.39042342743489,18.0,0.7043409547638071,0.1346465347099066,1.5972730011752363,0.5302868214788242
40,-1.382443817216711,0.2509644916929143,5.0,-0.7010702357103965,0.12982339604023901,-1.1541293203156053,0.4686054807963772
41,-3.549157190102058,0.028748859269686993,1.0,-1.648553677428934,0.43543180666082537,-2.1694825852935846,0.5526747443391147
42,8.37497915244187,4337.17785797324,20.0,1.5437170007882703,0.5197307200173314,2.2370571041226452,0.6057582936518646
43,3.6048193576295913,36.77504012677225,19.0,0.839332589007517,0.2991628026750875,1.8958966232681174,0.5637748184829741
44,-2.722674056086921,0.06569883694978011,2.0,-1.023934177558859,0.35334101610272106,-1.8805070197845477,0.5235080749952267
45,2.273399999944665,9.71236678670042,17.0,0.6926671334161416,0.10561421649809057,1.3300249034664433,0.504877894107164
46,1.2023738783888167,3.3280078388797882,14.0,0.37295495377081034,0.3373520912248121,0.6441567381084208,0.4567497592148159
47,-1.7506359546926684,0.17366346622862158,4.0,-0.716424898327341,0.1604459761599488,-1.3792428402798018,0.4809966155775754
48,-1.0516426299147443,0.349363402744572,6.0,-0.37579441888740794,0.33708629343890056,-0.939727424887185,0.4572421754140444
49,-2.722674056086921,0.06569883694978011,2.0,-1.425980107010317,0.3437577774851264,-1.880507019784546,0.5235080749952267
50,1.2023738783888167,3.3280078388797882,14.0,0.2799429437332381,0.33384926445216234,0.644156738108421,0.45674975921481653
51,-3.549157190102058,0.028748859269686993,1.0,-1.560330833767037,0.39717304719495344,-2.1694825852935846,0.5526747443391145
52,-1.0516426299147443,0.349363402744572,6.0,-0.5653697512256107,0.2529122257418373,-0.9397274248871851,0.45724217541404466
53,-1.382443817216711,0.2509644916929143,5.0,-0.6590535389952238,0.12033769142326461,-1.1541293203156038,0.46860548079637704
54,2.7966972269208066,16.39042342743489,18.0,0.7122266447137242,0.15142730631331444,1.5972730011752359,0.530286821478824
55,0.09308085365106662,1.0975504726436063,10.0,-0.0030365449927382653,0.045603412090305696,-0.1478499855611236,0.4385873277077963
56,8.37497915244187,4337.17785797324,20.0,1.5437170007882703,0.5197307200173314,2.2370571041226452,0.6057582936518646
57,3.6048193576295913,36.77504012677225,19.0,0.8800461826778101,0.3256539145397887,1.8958966232681171,0.5637748184829741
58,-3.549157190102058,0.028748859269686993,1.0,-1.648553677428934,0.43543180666082537,-2.1694825852935846,0.5526747443391147
59,-1.382443817216711,0.2509644916929143,5.0,-0.6962278322199696,0.11896283138406605,-1.154129320315604,0.4686054807963772
60,1.2023738783888167,3.3280078388797882,14.0,0.6500719435387351,0.1374279594637576,0.6441567381084208,0.45674975921481575
61,-2.179724708774274,0.11307265426581173,3.0,-0.8449166578311431,0.295706723209065,-1.619113203047063,0.4996121170621584
62,-3.549157190102058,0.028748859269686993,1.0,-1.560330833767037,0.39717304719495344,-2.1694825852935846,0.5526747443391145
63,1.2023738783888167,3.3280078388797882,14.0,0.04336693650346791,0.16590985109408501,0.6441567381084214,0.45674975921481686
64,2.273399999944665,9.71236678670042,17.0,0.6628159950832666,0.10667704822544773,1.3300249034664429,0.5048778941071638
65,0.9111675491506434,2.4872247959860214,13.0,0.0026177603928894933,0.04245980036431846,0.43841934516342856,0.450874642575472
66,-0.1783381875297083,0.8366594278535548,9.0,-0.011205751736289501,0.08648954292153044,-0.3419784821049002,0.4423268470045798
67,0.9111675491506434,2.4872247959860214,13.0,0.018093521571922455,0.10929649875363837,0.438419345163428,0.4508746425754719
68,-3.549157190102058,0.028748859269686993,1.0,-1.648553677428934,0.43543180666082537,-2.1694825852935846,0.5526747443391147
69,-27.631020715519405,1.0000004004092242e-12,0.0,-1.8753344253307365,0.5215794635459088,-2.495368203542421,0.5904289904366912
70,-1.0516426299147443,0.349363402744572,6.0,-0.6171847850947682,0.19528620914638847,-0.939727424887186,0.4572421754140446
71,-1.382443817216711,0.2509644916929143,5.0,-0.689859283586964,0.10430555554200314,-1.154129320315604,0.4686054807963772
72,-1.382443817216711,0.2509644916929143,5.0,-0.7049898784601877,0.13820684790043428,-1.1541293203156038,0.46860548079637704
73,-3.549157190102058,0.028748859269686993,1.0,-1.5486323995876328,0.3920373466846941,-2.169482585293585,0.5526747443391145
74,1.5155383840492433,4.551871122073627,15.0,0.5808090287619584,0.23798944197593233,0.8576391190911923,0.46855803871916624
75,-1.7506359546926684,0.17366346622862158,4.0,-0.713234239297934,0.15455888299259643,-1.3792428402798007,0.480996615577575
76,-27.631020715519405,1.0000004004092242e-12,0.0,-1.8753344253307365,0.5215794635459088,-2.495368203542421,0.5904289904366912
77,-0.7455785192594172,0.47445973643208744,7.0,-0.594816993001924,0.22337598256631203,-0.7356904689576436,0.4468842430538586
78,1.2023738783888167,3.3280078388797882,14.0,0.5645154935215891,0.2534194399375573,0.6441567381084203,0.4567497592148157
79,8.37497915244187,4337.17785797324,20.0,1.5437170007882703,0.5197307200173314,2.2370571041226452,0.6057582936518646
80,1.2023738783888167,3.3280078388797882,14.0,0.10475249621922052,0.2450620517694906,0.6441567381084206,0.45674975921481625
81,-1.7506359546926684,0.17366346622862158,4.0,-0.744641841350571,0.2041665722780107,-1.3792428402798012,0.4809966155775749
82,1.864345408603063,6.451711268750978,16.0,0.6676669340561876,0.09344349212791823,1.085044881921058,0.48555473718433717
83,-3.549157190102058,0.028748859269686993,1.0,-1.648553677428934,0.43543180666082537,-2.1694825852935846,0.5526747443391147
84,-1.0516426299147443,0.349363402744572,6.0,-0.42910717727813746,0.32693907676128653,-0.9397274248871851,0.4572421754140445
85,0.09308085365106662,1.0975504726436063,10.0,-0.008059913721797554,0.07356107638554295,-0.14784998556112355,0.43858732770779624
86,0.9111675491506434,2.4872247959860214,13.0,0.10132974345807871,0.24174358773819457,0.43841934516342845,0.4508746425754717
87,1.5155383840492433,4.551871122073627,15.0,0.38911326757776143,0.3353385686127027,0.857639119091191,0.46855803871916607
88,2.7966972269208066,16.39042342743489,18.0,0.7048833828525081,0.13586712197331224,1.5972730011752372,0.5302868214788248
89,8.37497915244187,4337.17785797324,20.0,1.5437170007882703,0.5197307200173314,2.2370571041226452,0.6057582936518646
90,2.7966972269208066,16.39042342743489,18.0,0.8204615420724839,0.28472420720341873,1.5972730011752376,0.5302868214788248
91,0.9111675491506434,2.4872247959860214,13.0,0.010013130081822181,0.08184171604056097,0.43841934516342795,0.4508746425754721
92,-2.179724708774274,0.11307265426581173,3.0,-0.9275967001066838,0.3339729539618376,-1.6191132030470614,0.4996121170621581
93,2.7966972269208066,16.39042342743489,18.0,0.7683553093692957,0.2348668333751191,1.597273001175238,0.5302868214788249
94,3.6048193576295913,36.77504012677225,19.0,0.9832134228058442,0.3729024894130337,1.8958966232681178,0.5637748184829738
95,8.37497915244187,4337.17785797324,20.0,1.5437170007882703,0.5197307200173314,2.2370571041226452,0.6057582936518646
96,2.7966972269208066,16.39042342743489,18.0,0.8183561646593192,0.2830133314097957,1.5972730011752376,0.5302868214788246
97,-0.1783381875297083,0.8366594278535548,9.0,-0.008084332619623063,0.07367062071605086,-0.34197848210489923,0.4423268470045797
98,-2.179724708774274,0.11307265426581173,3.0,-0.9964017210814334,0.35011227830946307,-1.6191132030470616,0.4996121170621582
99,2.7966972269208066,16.39042342743489,18.0,0.7699297950742092,0.2366494137270504,1.597273001175238,0.5302868214788249
100,-2.179724708774274,0.11307265426581173,3.0,-0.9100222554318597,0.3277637463891026,-1.619113203047063,0.4996121170621584
101,-1.382443817216711,0.2509644916929143,5.0,-0.6916114082337838,0.10830889801134633,-1.1541293203156038,0.4686054807963771
102,3.6048193576295913,36.77504012677225,19.0,1.1333383834875865,0.413450939006956,1.895896623268118,0.5637748184829741
103,-1.382443817216711,0.2509644916929143,5.0,-0.689859283586964,0.10430555554200314,-1.154129320315604,0.4686054807963772
104,3.6048193576295913,36.77504012677225,19.0,0.9828742750708108,0.37278159355161117,1.8958966232681165,0.5637748184829741
105,1.5155383840492433,4.551871122073627,15.0,0.42526179120379676,0.3279219620878811,0.8576391190911922,0.4685580387191664
106,-0.1783381875297083,0.8366594278535548,9.0,-0.043909095099548226,0.16687264991757625,-0.34197848210489973,0.4423268470045796
107,-1.0516426299147443,0.349363402744572,6.0,-0.5957578037005884,0.22230686183444787,-0.9397274248871851,0.45724217541404466
108,8.37497915244187,4337.17785797324,20.0,1.5437170007882703,0.5197307200173314,2.2370571041226452,0.6057582936518646
109,0.6331738067108033,1.8835792189652567,12.0,0.0005700299636779157,0.022883749861120725,0.23789322083010894,0.4442534825466296
110,1.2023738783888167,3.3280078388797882,14.0,0.16568623138487223,0.29136525268631747,0.6441567381084206,0.45674975921481575
111,-2.179724708774274,0.11307265426581173,3.0,-0.8499577469526971,0.29876741416899155,-1.6191132030470627,0.4996121170621582
112,-27.631020715519405,1.0000004004092242e-12,0.0,-1.8753344253307365,0.5215794635459088,-2.495368203542421,0.5904289904366912
113,0.09308085365106662,1.0975504726436063,10.0,-0.00340413587160901,0.04820084380435605,-0.14784998556112317,0.4385873277077963
114,-0.1783381875297083,0.8366594278535548,9.0,-0.0006612645313625084,0.02388913387083746,-0.3419784821048995,0.4423268470045797
115,0.9111675491506434,2.4872247959860214,13.0,0.028848424326096623,0.13686240099121605,0.43841934516342795,0.45087464257547216
116,3.6048193576295913,36.77504012677225,19.0,0.9828742750708108,0.37278159355161117,1.8958966232681165,0.5637748184829741
117,-3.549157190102058,0.028748859269686993,1.0,-1.648553677428934,0.43543180666082537,-2.1694825852935846,0.5526747443391147
118,-0.1783381875297083,0.8366594278535548,9.0,-0.013565577703897136,0.09497699174684869,-0.3419784821048998,0.4423268470045798
119,1.2023738783888167,3.3280078388797882,14.0,0.1294987642677122,0.266529607266282,0.644156738108421,0.45674975921481625
120,-27.631020715519405,1.0000004004092242e-12,0.0,-1.8753344253307365,0.5215794635459088,-2.495368203542421,0.5904289904366912
121,-2.179724708774274,0.11307265426581173,3.0,-1.1394723194212761,0.3507530234294188,-1.6191132030470627,0.4996121170621583
122,-1.382443817216711,0.2509644916929143,5.0,-0.6815921859493291,0.08894211951621062,-1.1541293203156038,0.468605480796377
123,-2.179724708774274,0.11307265426581173,3.0,-0.7482260639786226,0.20886916085661375,-1.619113203047064,0.49961211706215836
124,8.37497915244187,4337.17785797324,20.0,1.5437170007882703,0.5197307200173314,2.2370571041226452,0.6057582936518646
125,1.2023738783888167,3.3280078388797882,14.0,0.6221118819850884,0.1874090470238147,0.6441567381084209,0.45674975921481575
126,2.273399999944665,9.71236678670042,17.0,0.6995987686003262,0.1235065256754675,1.3300249034664444,0.5048778941071645
127,3.6048193576295913,36.77504012677225,19.0,0.963334235445046,0.3654953272191746,1.8958966232681171,0.5637748184829742
128,2.273399999944665,9.71236678670042,17.0,0.6765385230362287,0.07417652114822497,1.3300249034664435,0.5048778941071638
129,-0.1783381875297083,0.8366594278535548,9.0,-0.007669411089941043,0.07178563446456937,-0.3419784821048992,0.44232684700457975
130,2.7966972269208066,16.39042342743489,18.0,0.7096925549736858,0.14624987440147,1.597273001175237,0.5302868214788238
131,-1.7506359546926684,0.17366346622862158,4.0,-0.6797586119240283,0.08735406567287146,-1.3792428402798007,0.48099661557757495
132,1.2023738783888167,3.3280078388797882,14.0,0.059245367047667724,0.19147483971250645,0.6441567381084202,0.4567497592148159
133,-0.7455785192594172,0.47445973643208744,7.0,-0.6213843033951293,0.1892964914573684,-0.7356904689576441,0.44688424305385877
134,-3.549157190102058,0.028748859269686993,1.0,-1.5486323995876328,0.3920373466846941,-2.169482585293585,0.5526747443391145
135,-2.722674056086921,0.06569883694978011,2.0,-1.3600949467158803,0.32973357628060745,-1.8805070197845484,0.5235080749952269
136,3.6048193576295913,36.77504012677225,19.0,0.9832134228058442,0.3729024894130337,1.8958966232681178,0.5637748184829738
137,0.3621333091677741,1.4363904132082153,11.0,0.005239618796024942,0.05951967268094599,0.0436685171785513,0.4379089318089474
138,3.6048193576295913,36.77504012677225,19.0,0.8889273420695939,0.3307203709442126,1.895896623268118,0.5637748184829741
139,-2.722674056086921,0.06569883694978011,2.0,-1.425980107010317,0.3437577774851264,-1.880507019784546,0.5235080749952267
140,3.6048193576295913,36.77504012677225,19.0,0.8984133194837592,0.33588635142736795,1.895896623268117,0.5637748184829737
141,0.9111675491506434,2.4872247959860214,13.0,0.0023124311509095156,0.04002282433499775,0.4384193451634278,0.45087464257547194
142,2.7966972269208066,16.39042342743489,18.0,0.7246030902297406,0.17431150308317783,1.597273001175236,0.5302868214788242
143,-2.179724708774274,0.11307265426581173,3.0,-0.8499577469526971,0.29876741416899155,-1.6191132030470627,0.4996121170621582
144,-1.7506359546926684,0.17366346622862158,4.0,-0.7154928263833154,0.15875015757252178,-1.3792428402798007,0.48099661557757495
145,-1.7506359546926684,0.17366346622862158,4.0,-0.6805248361303754,0.08789627596216988,-1.3792428402798012,0.48099661557757495
146,1.864345408603063,6.451711268750978,16.0,0.6742985090319438,0.07713766678858663,1.0850448819210565,0.4855547371843373
147,2.7966972269208066,16.39042342743489,18.0,0.7754005379839843,0.24268340326452253,1.597273001175238,0.5302868214788247
148,-27.631020715519405,1.0000004004092242e-12,0.0,-1.8753344253307365,0.5215794635459088,-2.495368203542421,0.5904289904366912
149,1.5155383840492433,4.551871122073627,15.0,0.3730730713968395,0.33734022187361035,0.8576391190911907,0.468558038719166
150,8.37497915244187,4337.17785797324,20.0,1.5437170007882703,0.5197307200173314,2.2370571041226452,0.6057582936518646
151,2.273399999944665,9.71236678670042,17.0,0.6907863034062336,0.10045846455792166,1.3300249034664438,0.5048778941071643
152,3.6048193576295913,36.77504012677225,19.0,0.8595325851723747,0.3130239995612113,1.8958966232681174,0.5637748184829743
153,2.273399999944665,9.71236678670042,17.0,0.6897018023674224,0.09744992168593422,1.3300249034664438,0.5048778941071638
154,2.7966972269208066,16.39042342743489,18.0,0.8108589788998599,0.2767433431570547,1.5972730011752372,0.5302868214788241
155,2.273399999944665,9.71236678670042,17.0,0.6767072719571345,0.07405004053032369,1.3300249034664438,0.5048778941071643
156,2.7966972269208066,16.39042342743489,18.0,0.7997908636275575,0.26694448220651545,1.5972730011752365,0.5302868214788246
157,2.273399999944665,9.71236678670042,17.0,0.6706910882861769,0.08529656479016988,1.3300249034664442,0.504877894107164
158,-0.1783381875297083,0.8366594278535548,9.0,-0.0011228025580004243,0.028950743611603005,-0.34197848210489895,0.44232684700457936
159,0.6331738067108033,1.8835792189652567,12.0,0.0013497184022682304,0.031292695652765434,0.23789322083010853,0.4442534825466298
160,2.7966972269208066,16.39042342743489,18.0,0.6929903173742811,0.10648947617206543,1.5972730011752374,0.5302868214788246
161,2.273399999944665,9.71236678670042,17.0,0.6686244093031568,0.090817239884466,1.3300249034664442,0.5048778941071641
162,2.7966972269208066,16.39042342743489,18.0,0.7847496342880648,0.25246136175673894,1.5972730011752356,0.5302868214788232
163,3.6048193576295913,36.77504012677225,19.0,0.9832134228058442,0.3729024894130337,1.8958966232681178,0.5637748184829738
164,3.6048193576295913,36.77504012677225,19.0,0.8506899330008755,0.3071429852358709,1.8958966232681171,0.563774818482974
165,-27.631020715519405,1.0000004004092242e-12,0.0,-1.8753344253307365,0.5215794635459088,-2.495368203542421,0.5904289904366912
166,-2.722674056086921,0.06569883694978011,2.0,-1.425980107010317,0.3437577774851264,-1.880507019784546,0.5235080749952267
167,-2.722674056086921,0.06569883694978011,2.0,-1.3085776102038054,0.32806567472230563,-1.880507019784546,0.5235080749952267
168,8.37497915244187,4337.17785797324,20.0,1.5437170007882703,0.5197307200173314,2.2370571041226452,0.6057582936518646
169,2.7966972269208066,16.39042342743489,18.0,0.7800521548824025,0.2476288635679786,1.597273001175238,0.5302868214788234
170,-27.631020715519405,1.0000004004092242e-12,0.0,-1.8753344253307365,0.5215794635459088,-2.495368203542421,0.5904289904366912
171,-1.382443817216711,0.2509644916929143,5.0,-0.6278437090708266,0.17954738738985498,-1.1541293203156033,0.4686054807963768
172,1.864345408603063,6.451711268750978,16.0,0.6331130821095533,0.1698994115983791,1.0850448819210572,0.48555473718433717
173,8.37497915244187,4337.17785797324,20.0,1.5437170007882703,0.5197307200173314,2.2370571041226452,0.6057582936518646
174,0.09308085365106662,1.0975504726436063,10.0,-0.005503207612326773,0.06097251383369929,-0.14784998556112372,0.43858732770779607
175,-1.0516426299147443,0.349363402744572,6.0,-0.6622749032282785,0.11297247657870267,-0.939727424887186,0.4572421754140447
176,-0.1783381875297083,0.8366594278535548,9.0,-0.013565577703897136,0.09497699174684869,-0.3419784821048998,0.4423268470045798
177,0.6331738067108033,1.8835792189652567,12.0,0.011075119644222768,0.08599340569738356,0.2378932208301093,0.4442534825466297
178,-1.382443817216711,0.2509644916929143,5.0,-0.6538524866489981,0.1318290021862049,-1.1541293203156044,0.4686054807963774
179,1.5155383840492433,4.551871122073627,15.0,0.3202264541245367,0.3385212277153925,0.8576391190911914,0.46855803871916596
180,2.7966972269208066,16.39042342743489,18.0,0.7045742939849664,0.13517289325103096,1.597273001175237,0.5302868214788243
181,-2.722674056086921,0.06569883694978011,2.0,-1.3111843493880149,0.32796493593085624,-1.8805070197845475,0.5235080749952267
182,1.2023738783888167,3.3280078388797882,14.0,0.027244316639750497,0.13316838682986878,0.6441567381084217,0.4567497592148163
183,0.6331738067108033,1.8835792189652567,12.0,0.001948327328103089,0.03692762355813566,0.2378932208301086,0.4442534825466297
184,3.6048193576295913,36.77504012677225,19.0,1.1333383834875865,0.413450939006956,1.895896623268118,0.5637748184829741
185,3.6048193576295913,36.77504012677225,19.0,0.963334235445046,0.3654953272191746,1.8958966232681171,0.5637748184829742
186,2.7966972269208066,16.39042342743489,18.0,0.6944429297485306,0.11037785764816055,1.5972730011752372,0.5302868214788243
187,-1.382443817216711,0.2509644916929143,5.0,-0.6794320116648407,0.08717911924893701,-1.1541293203156038,0.4686054807963771
188,-1.382443817216711,0.2509644916929143,5.0,-0.6675283711903348,0.10106037769995542,-1.1541293203156038,0.46860548079637704
189,8.37497915244187,4337.17785797324,20.0,1.5437170007882703,0.5197307200173314,2.2370571041226452,0.6057582936518646
190,8.37497915244187,4337.17785797324,20.0,1.5437170007882703,0.5197307200173314,2.2370571041226452,0.6057582936518646
191,2.7966972269208066,16.39042342743489,18.0,0.7497253727761579,0.21199681842225515,1.5972730011752374,0.5302868214788243
192,3.6048193576295913,36.77504012677225,19.0,0.8800461826778101,0.3256539145397887,1.8958966232681171,0.5637748184829741
193,2.7966972269208066,16.39042342743489,18.0,0.9052948904980278,0.33948369979762005,1.597273001175238,0.5302868214788243
194,-1.0516426299147443,0.349363402744572,6.0,-0.37527320700428557,0.33714245756792,-0.9397274248871859,0.45724217541404466
195,-1.7506359546926684,0.17366346622862158,4.0,-0.9355878635677544,0.3364955103753591,-1.3792428402798005,0.4809966155775748
196,3.6048193576295913,36.77504012677225,19.0,0.8800461826778101,0.3256539145397887,1.8958966232681171,0.5637748184829741
197,3.6048193576295913,36.77504012677225,19.0,0.9201183286983752,0.34683049827896173,1.8958966232681167,0.5637748184829736
198,8.37497915244187,4337.17785797324,20.0,1.5437170007882703,0.5197307200173314,2.2370571041226452,0.6057582936518646
199,3.6048193576295913,36.77504012677225,19.0,1.2140813071317607,0.4300656168158275,1.8958966232681163,0.5637748184829741
200,-1.382443817216711,0.2509644916929143,5.0,-0.647059279532409,0.14582427997330774,-1.154129320315605,0.46860548079637715
201,8.37497915244187,4337.17785797324,20.0,1.5437170007882703,0.5197307200173314,2.2370571041226452,0.6057582936518646
202,2.7966972269208066,16.39042342743489,18.0,0.7372838092851695,0.19452474360634953,1.597273001175236,0.5302868214788242
203,1.5155383840492433,4.551871122073627,15.0,0.6268489442920058,0.1801471782836132,0.8576391190911923,0.46855803871916607
204,3.6048193576295913,36.77504012677225,19.0,0.9336707900956602,0.3531001345411196,1.8958966232681183,0.5637748184829737
205,-0.1783381875297083,0.8366594278535548,9.0,-0.012732527865069915,0.09207677925420162,-0.34197848210489923,0.4423268470045797
206,0.9111675491506434,2.4872247959860214,13.0,0.014124716621650366,0.09687098270924939,0.43841934516342784,0.45087464257547166
207,1.2023738783888167,3.3280078388797882,14.0,0.3273978899038318,0.338844617825053,0.6441567381084208,0.4567497592148161
208,-0.1783381875297083,0.8366594278535548,9.0,-0.09658664475996717,0.23698805144066568,-0.3419784821048992,0.4423268470045795
209,2.7966972269208066,16.39042342743489,18.0,0.7198032353879579,0.16586531152252024,1.5972730011752372,0.5302868214788244
210,8.37497915244187,4337.17785797324,20.0,1.5437170007882703,0.5197307200173314,2.2370571041226452,0.6057582936518646
211,-1.382443817216711,0.2509644916929143,5.0,-0.71160667513945,0.15146440538274453,-1.154129320315604,0.46860548079637715
212,0.3621333091677741,1.4363904132082153,11.0,-2.8063038349883265e-05,0.018826785173696053,0.043668517178551636,0.43790893180894697
213,8.37497915244187,4337.17785797324,20.0,1.5437170007882703,0.5197307200173314,2.2370571041226452,0.6057582936518646
214,3.6048193576295913,36.77504012677225,19.0,0.9828742750708108,0.37278159355161117,1.8958966232681165,0.5637748184829741
215,-1.382443817216711,0.2509644916929143,5.0,-0.6794320116648407,0.08717911924893701,-1.1541293203156038,0.4686054807963771
216,8.37497915244187,4337.17785797324,20.0,1.5437170007882703,0.5197307200173314,2.2370571041226452,0.6057582936518646
217,-3.549157190102058,0.028748859269686993,1.0,-1.5486323995876328,0.3920373466846941,-2.169482585293585,0.5526747443391145
218,2.7966972269208066,16.39042342743489,18.0,0.7045742939849664,0.13517289325103096,1.597273001175237,0.5302868214788243
219,0.3621333091677741,1.4363904132082153,11.0,0.0002251728113393552,0.019631376652634747,0.043668517178551636,0.4379089318089476
220,0.6331738067108033,1.8835792189652567,12.0,0.0395341652725237,0.15888740639219295,0.23789322083010928,0.4442534825466299
221,0.3621333091677741,1.4363904132082153,11.0,0.0002621829411607376,0.019899162630173974,0.04366851717855137,0.43790893180894686
222,1.5155383840492433,4.551871122073627,15.0,0.5402841252525773,0.27300154692763484,0.8576391190911923,0.4685580387191662
223,8.37497915244187,4337.17785797324,20.0,1.5437170007882703,0.5197307200173314,2.2370571041226452,0.6057582936518646
224,-3.549157190102058,0.028748859269686993,1.0,-1.648553677428934,0.43543180666082537,-2.1694825852935846,0.5526747443391147
225,2.7966972269208066,16.39042342743489,18.0,0.6963271824160645,0.11530091772604596,1.597273001175237,0.5302868214788243
226,-1.0516426299147443,0.349363402744572,6.0,-0.6443826187079914,0.15101527444401736,-0.9397274248871861,0.4572421754140448
227,-27.631020715519405,1.0000004004092242e-12,0.0,-1.8753344253307365,0.5215794635459088,-2.495368203542421,0.5904289904366912
228,-2.179724708774274,0.11307265426581173,3.0,-0.7581456853480354,0.22111070421433968,-1.6191132030470619,0.49961211706215836
229,2.7966972269208066,16.39042342743489,18.0,0.7637265919346365,0.22950047270522508,1.597273001175238,0.5302868214788242
230,0.6331738067108033,1.8835792189652567,12.0,0.0008136618216901138,0.025586824913831248,0.23789322083010855,0.4442534825466296
231,-27.631020715519405,1.0000004004092242e-12,0.0,-1.8753344253307365,0.5215794635459088,-2.495368203542421,0.5904289904366912
232,1.2023738783888167,3.3280078388797882,14.0,0.05478691526669275,0.18479197573395642,0.6441567381084206,0.4567497592148161
233,-1.382443817216711,0.2509644916929143,5.0,-0.6803633160079073,0.08776694477913337,-1.1541293203156038,0.46860548079637704
234,1.864345408603063,6.451711268750978,16.0,0.6852210023703214,0.0851907271759204,1.0850448819210559,0.4855547371843369
235,-1.382443817216711,0.2509644916929143,5.0,-0.6710438535564793,0.09393492121601352,-1.1541293203156042,0.4686054807963772
236,-0.4563580939603039,0.6335869128240579,8.0,-0.04695037527559595,0.172140013274877,-0.5381486843237572,0.4431972892241815
237,0.09308085365106662,1.0975504726436063,10.0,-0.002640864938562527,0.04263894016312457,-0.14784998556112358,0.43858732770779624
238,3.6048193576295913,36.77504012677225,19.0,0.9336707900956602,0.3531001345411196,1.8958966232681183,0.5637748184829737
239,-0.4563580939603039,0.6335869128240579,8.0,-0.011583970994546167,0.08790906413657266,-0.5381486843237564,0.4431972892241805
240,-1.0516426299147443,0.349363402744572,6.0,-0.6505440848847011,0.13879409973921766,-0.9397274248871851,0.4572421754140445
241,2.273399999944665,9.71236678670042,17.0,0.6785634959219888,0.07368611727522467,1.3300249034664424,0.5048778941071635
242,0.6331738067108033,1.8835792189652567,12.0,0.008265521245772444,0.07447817103890009,0.23789322083010914,0.4442534825466297
243,1.2023738783888167,3.3280078388797882,14.0,0.4024947737841919,0.33306952762103365,0.6441567381084208,0.4567497592148158
244,-1.0516426299147443,0.349363402744572,6.0,-0.6673135361085133,0.10153003331893098,-0.9397274248871861,0.4572421754140447
245,3.6048193576295913,36.77504012677225,19.0,1.3129664690165557,0.4515717040816504,1.8958966232681183,0.5637748184829742
246,-3.549157190102058,0.028748859269686993,1.0,-1.5486323995876328,0.3920373466846941,-2.169482585293585,0.5526747443391145
247,2.273399999944665,9.71236678670042,17.0,0.6773045487374042,0.07372476092322645,1.3300249034664424,0.5048778941071638
248,2.7966972269208066,16.39042342743489,18.0,0.7038317906215112,0.1334911412782463,1.5972730011752374,0.5302868214788246
249,-2.722674056086921,0.06569883694978011,2.0,-1.1475656219871464,0.34978747106815256,-1.8805070197845477,0.5235080749952267
250,-1.7506359546926684,0.17366346622862158,4.0,-0.7737017925329497,0.23832954906281775,-1.3792428402798007,0.48099661557757495
251,-2.722674056086921,0.06569883694978011,2.0,-1.3111843493880149,0.32796493593085624,-1.8805070197845475,0.5235080749952267
252,0.3621333091677741,1.4363904132082153,11.0,0.000333655326811161,0.020491697429380878,0.043668517178551455,0.4379089318089471
253,-2.179724708774274,0.11307265426581173,3.0,-0.9083890518953509,0.3271388861366347,-1.619113203047064,0.4996121170621584
254,2.7966972269208066,16.39042342743489,18.0,0.7105967958617814,0.1481192670310317,1.597273001175239,0.5302868214788247
255,-1.382443817216711,0.2509644916929143,5.0,-0.6812384327482819,0.08855977134230739,-1.1541293203156033,0.46860548079637676
256,2.273399999944665,9.71236678670042,17.0,0.6725749061792541,0.08067811230682705,1.3300249034664442,0.5048778941071639
257,8.37497915244187,4337.17785797324,20.0,1.5437170007882703,0.5197307200173314,2.2370571041226452,0.6057582936518646
258,2.7966972269208066,16.39042342743489,18.0,0.7674007585097602,0.23377572899530183,1.597273001175236,0.5302868214788242
259,0.6331738067108033,1.8835792189652567,12.0,0.013536772650909265,0.09487824176338563,0.23789322083010894,0.44425348254662944
260,1.5155383840492433,4.551871122073627,15.0,0.37475326535405334,0.3371668607831941,0.8576391190911914,0.46855803871916607
261,-2.179724708774274,0.11307265426581173,3.0,-0.856428057941619,0.30253908331902235,-1.6191132030470616,0.49961211706215825
262,1.864345408603063,6.451711268750978,16.0,0.6450220182579711,0.14794880820168846,1.0850448819210565,0.4855547371843369
263,-1.0516426299147443,0.349363402744572,6.0,-0.6473392659951469,0.14527093542678046,-0.9397274248871851,0.4572421754140445
264,-2.722674056086921,0.06569883694978011,2.0,-1.023934177558859,0.35334101610272106,-1.8805070197845477,0.5235080749952267
265,-1.7506359546926684,0.17366346622862158,4.0,-0.7380962720225378,0.19515053489336065,-1.3792428402798007,0.48099661557757495
266,2.7966972269208066,16.39042342743489,18.0,0.6920770636221542,0.10400745755418228,1.5972730011752363,0.5302868214788246
267,3.6048193576295913,36.77504012677225,19.0,0.8800461826778101,0.3256539145397887,1.8958966232681171,0.5637748184829741
268,-0.1783381875297083,0.8366594278535548,9.0,-0.024379759508316737,0.12625302574811878,-0.34197848210489984,0.4423268470045799
269,0.9111675491506434,2.4872247959860214,13.0,0.033773047929180997,0.1475181526567683,0.4384193451634284,0.4508746425754718
270,2.273399999944665,9.71236678670042,17.0,0.6775051051985588,0.07365930403596649,1.3300249034664426,0.5048778941071635
271,-1.0516426299147443,0.349363402744572,6.0,-0.6764680791663632,0.08720579139689547,-0.9397274248871861,0.4572421754140449
272,0.9111675491506434,2.4872247959860214,13.0,0.01562739024642191,0.10177197615378261,0.43841934516342873,0.45087464257547205
273,3.6048193576295913,36.77504012677225,19.0,0.8506899330008755,0.3071429852358709,1.8958966232681171,0.563774818482974
274,-0.7455785192594172,0.47445973643208744,7.0,-0.4527849590894329,0.319496805430287,-0.7356904689576428,0.44688424305385877
275,8.37497915244187,4337.17785797324,20.0,1.5437170007882703,0.5197307200173314,2.2370571041226452,0.6057582936518646
276,-0.1783381875297083,0.8366594278535548,9.0,-0.008163853045228693,0.07402618345129591,-0.3419784821048998,0.44232684700458
277,2.273399999944665,9.71236678670042,17.0,0.6693918886257038,0.088734597717767,1.3300249034664442,0.5048778941071639
278,8.37497915244187,4337.17785797324,20.0,1.5437170007882703,0.5197307200173314,2.2370571041226452,0.6057582936518646
279,3.6048193576295913,36.77504012677225,19.0,0.8800461826778101,0.3256539145397887,1.8958966232681171,0.5637748184829741
280,8.37497915244187,4337.17785797324,20.0,1.5437170007882703,0.5197307200173314,2.2370571041226452,0.6057582936518646
281,3.6048193576295913,36.77504012677225,19.0,0.839332589007517,0.2991628026750875,1.8958966232681174,0.5637748184829741
282,8.37497915244187,4337.17785797324,20.0,1.5437170007882703,0.5197307200173314,2.2370571041226452,0.6057582936518646
283,1.2023738783888167,3.3280078388797882,14.0,0.1294987642677122,0.266529607266282,0.644156738108421,0.45674975921481625
284,3.6048193576295913,36.77504012677225,19.0,0.9832134228058442,0.3729024894130337,1.8958966232681178,0.5637748184829738
285,0.9111675491506434,2.4872247959860214,13.0,0.2915549445928372,0.3356987220284377,0.43841934516343,0.4508746425754721
286,-1.7506359546926684,0.17366346622862158,4.0,-0.7240910778601126,0.17369677789507643,-1.3792428402798007,0.480996615577575
287,1.5155383840492433,4.551871122073627,15.0,0.6402547880038506,0.15717294354218284,0.8576391190911917,0.4685580387191661
288,2.7966972269208066,16.39042342743489,18.0,0.697847632404125,0.11916878766217384,1.597273001175236,0.5302868214788242
289,1.2023738783888167,3.3280078388797882,14.0,0.21282968008505718,0.31466887525372583,0.6441567381084202,0.4567497592148159
290,2.7966972269208066,16.39042342743489,18.0,0.80724948743717,0.2736214936351547,1.5972730011752365,0.5302868214788246
291,-27.631020715519405,1.0000004004092242e-12,0.0,-1.8753344253307365,0.5215794635459088,-2.495368203542421,0.5904289904366912
292,-0.7455785192594172,0.47445973643208744,7.0,-0.2539502367454908,0.3281968239455709,-0.7356904689576435,0.44688424305385877
293,-0.1783381875297083,0.8366594278535548,9.0,-0.013749805606237842,0.09560554944623825,-0.3419784821048992,0.4423268470045797
294,-1.382443817216711,0.2509644916929143,5.0,-0.6803633160079073,0.08776694477913337,-1.1541293203156038,0.46860548079637704
295,3.6048193576295913,36.77504012677225,19.0,0.963334235445046,0.3654953272191746,1.8958966232681171,0.5637748184829742
296,-2.179724708774274,0.11307265426581173,3.0,-0.9100222554318597,0.3277637463891026,-1.619113203047063,0.4996121170621584
297,-2.722674056086921,0.06569883694978011,2.0,-1.112082693383609,0.3533876137158526,-1.8805070197845477,0.5235080749952267
298,0.6331738067108033,1.8835792189652567,12.0,0.01011316363851322,0.08224226073025133,0.2378932208301081,0.4442534825466297
299,-2.179724708774274,0.11307265426581173,3.0,-0.7392776670168082,0.19682094275754722,-1.6191132030470616,0.49961211706215825
300,2.7966972269208066,16.39042342743489,18.0,0.7214001347361856,0.16873060220617359,1.5972730011752363,0.5302868214788242
301,3.6048193576295913,36.77504012677225,19.0,0.8800461826778101,0.3256539145397887,1.8958966232681171,0.5637748184829741
302,3.6048193576295913,36.77504012677225,19.0,0.9201183286983752,0.34683049827896173,1.8958966232681167,0.5637748184829736
303,1.2023738783888167,3.3280078388797882,14.0,0.05766929460985064,0.1891514183677007,0.6441567381084214,0.45674975921481664
304,-0.7455785192594172,0.47445973643208744,7.0,-0.37346544266083104,0.3373309530627371,-0.735690468957644,0.44688424305385904
305,2.7966972269208066,16.39042342743489,18.0,0.8644056851911104,0.31614830221358975,1.5972730011752363,0.5302868214788244
306,1.2023738783888167,3.3280078388797882,14.0,0.35897676373980314,0.33846304418817447,0.6441567381084206,0.4567497592148161
307,-1.0516426299147443,0.349363402744572,6.0,-0.5788413814287996,0.24027968285273096,-0.9397274248871861,0.4572421754140448
308,-0.7455785192594172,0.47445973643208744,7.0,-0.5773373251452278,0.24175863730053826,-0.7356904689576436,0.4468842430538586
309,-2.179724708774274,0.11307265426581173,3.0,-1.2524871230327048,0.33370915624703107,-1.6191132030470616,0.49961211706215825
310,-1.0516426299147443,0.349363402744572,6.0,-0.6640095525853956,0.10898353845605468,-0.9397274248871861,0.4572421754140449
311,0.6331738067108033,1.8835792189652567,12.0,0.0002847327476824022,0.02007621074419321,0.23789322083010897,0.4442534825466299
312,-2.722674056086921,0.06569883694978011,2.0,-1.425980107010317,0.3437577774851264,-1.880507019784546,0.5235080749952267
313,1.5155383840492433,4.551871122073627,15.0,0.44834377540578035,0.3209772456860142,0.8576391190911922,0.46855803871916596
314,-0.7455785192594172,0.47445973643208744,7.0,-0.6282556370944024,0.17890198349664782,-0.7356904689576441,0.44688424305385877
315,2.273399999944665,9.71236678670042,17.0,0.6842175551382755,0.08264908212949608,1.3300249034664424,0.5048778941071638
316,-0.4563580939603039,0.6335869128240579,8.0,-0.15721994502570397,0.2861622899540134,-0.5381486843237577,0.443197289224181
317,-0.7455785192594172,0.47445973643208744,7.0,-0.5106738158939685,0.2926015301617319,-0.7356904689576441,0.44688424305385877
318,1.5155383840492433,4.551871122073627,15.0,0.48759254566869437,0.3048311521302342,0.8576391190911916,0.4685580387191661
319,2.273399999944665,9.71236678670042,17.0,0.6771951080098596,0.07376984695854477,1.3300249034664442,0.504877894107164
320,-1.0516426299147443,0.349363402744572,6.0,-0.6680753680088459,0.09987761210564176,-0.9397274248871861,0.4572421754140447
321,-0.4563580939603039,0.6335869128240579,8.0,-0.15288150509431445,0.28335895745265155,-0.5381486843237572,0.4431972892241814
322,2.7966972269208066,16.39042342743489,18.0,0.7108552937550474,0.14864914195999074,1.5972730011752365,0.5302868214788246
323,3.6048193576295913,36.77504012677225,19.0,0.8800461826778101,0.3256539145397887,1.8958966232681171,0.5637748184829741
324,1.5155383840492433,4.551871122073627,15.0,0.6374647949472745,0.16228968382071843,0.8576391190911915,0.46855803871916607
325,2.7966972269208066,16.39042342743489,18.0,0.7013452369328024,0.12770998680724863,1.5972730011752365,0.5302868214788246
326,-1.0516426299147443,0.349363402744572,6.0,-0.6473392659951469,0.14527093542678046,-0.9397274248871851,0.4572421754140445
327,-2.722674056086921,0.06569883694978011,2.0,-1.3111843493880149,0.32796493593085624,-1.8805070197845475,0.5235080749952267
328,1.5155383840492433,4.551871122073627,15.0,0.3572793663045729,0.33855843504357624,0.8576391190911914,0.4685580387191661
329,-0.1783381875297083,0.8366594278535548,9.0,-0.005720228553855938,0.06214280724691571,-0.34197848210489906,0.4423268470045797
330,-0.4563580939603039,0.6335869128240579,8.0,-0.4173697807674752,0.32993868868912307,-0.5381486843237566,0.4431972892241808
331,-0.1783381875297083,0.8366594278535548,9.0,-0.09976106966296344,0.2401926865838025,-0.3419784821048998,0.4423268470045795
332,0.09308085365106662,1.0975504726436063,10.0,-0.0005868260012125189,0.02306725370644967,-0.1478499855611234,0.43858732770779635
333,-1.0516426299147443,0.349363402744572,6.0,-0.6673135361085133,0.10153003331893098,-0.9397274248871861,0.4572421754140447
334,-3.549157190102058,0.028748859269686993,1.0,-1.648553677428934,0.43543180666082537,-2.1694825852935846,0.5526747443391147
335,1.5155383840492433,4.551871122073627,15.0,0.5765412480526816,0.24223001875316905,0.8576391190911907,0.46855803871916557
336,0.09308085365106662,1.0975504726436063,10.0,-0.001584858216408963,0.03359605105189018,-0.1478499855611234,0.43858732770779635
337,-1.382443817216711,0.2509644916929143,5.0,-0.7049898784601877,0.13820684790043428,-1.1541293203156038,0.46860548079637704
338,-1.382443817216711,0.2509644916929143,5.0,-0.6896634630604888,0.10386373963059928,-1.154129320315604,0.4686054807963772
339,0.6331738067108033,1.8835792189652567,12.0,0.0037639456025490045,0.05061770363221471,0.2378932208301094,0.4442534825466296
340,3.6048193576295913,36.77504012677225,19.0,0.8800461826778101,0.3256539145397887,1.8958966232681171,0.5637748184829741
341,3.6048193576295913,36.77504012677225,19.0,0.8800461826778101,0.3256539145397887,1.8958966232681171,0.5637748184829741
342,-3.549157190102058,0.028748859269686993,1.0,-1.648553677428934,0.43543180666082537,-2.1694825852935846,0.5526747443391147
343,-2.179724708774274,0.11307265426581173,3.0,-1.2524871230327048,0.33370915624703107,-1.6191132030470616,0.49961211706215825
344,2.273399999944665,9.71236678670042,17.0,0.69091614797379,0.10081730652134815,1.3300249034664442,0.5048778941071644
345,-2.179724708774274,0.11307265426581173,3.0,-1.2524871230327048,0.33370915624703107,-1.6191132030470616,0.49961211706215825
346,2.7966972269208066,16.39042342743489,18.0,0.6983410635590137,0.120403697326392,1.5972730011752372,0.5302868214788244
347,-0.7455785192594172,0.47445973643208744,7.0,-0.29679006317627343,0.3364135616337323,-0.7356904689576441,0.446884243053859
348,0.3621333091677741,1.4363904132082153,11.0,4.713628430326651e-05,0.018851383704468237,0.04366851717855122,0.4379089318089471
349,-0.4563580939603039,0.6335869128240579,8.0,-0.19010219775181394,0.3045753166764764,-0.5381486843237568,0.4431972892241812
350,2.273399999944665,9.71236678670042,17.0,0.6677782991975096,0.09313706119739136,1.3300249034664433,0.504877894107164
351,3.6048193576295913,36.77504012677225,19.0,1.1333383834875865,0.413450939006956,1.895896623268118,0.5637748184829741
352,-1.0516426299147443,0.349363402744572,6.0,-0.6673135361085133,0.10153003331893098,-0.9397274248871861,0.4572421754140447
353,-2.179724708774274,0.11307265426581173,3.0,-1.2524871230327048,0.33370915624703107,-1.6191132030470616,0.49961211706215825
354,3.6048193576295913,36.77504012677225,19.0,0.8800461826778101,0.3256539145397887,1.8958966232681171,0.5637748184829741
355,-0.4563580939603039,0.6335869128240579,8.0,-0.06161615838715908,0.19489437481821847,-0.5381486843237572,0.4431972892241812
356,2.273399999944665,9.71236678670042,17.0,0.6755425970466783,0.07521536311248199,1.3300249034664438,0.5048778941071639
357,0.09308085365106662,1.0975504726436063,10.0,-0.011710638538086245,0.08837903278206209,-0.1478499855611236,0.4385873277077963
358,8.37497915244187,4337.17785797324,20.0,1.5437170007882703,0.5197307200173314,2.2370571041226452,0.6057582936518646
359,2.7966972269208066,16.39042342743489,18.0,0.7142242701178295,0.1553787916339219,1.5972730011752363,0.5302868214788244
360,0.3621333091677741,1.4363904132082153,11.0,-0.00026066887165753096,0.019887635543738458,0.0436685171785514,0.4379089318089468
361,2.273399999944665,9.71236678670042,17.0,0.6780817010281912,0.07359609632611222,1.3300249034664438,0.5048778941071639
362,1.2023738783888167,3.3280078388797882,14.0,0.04011055746738625,0.1599690328349285,0.6441567381084201,0.4567497592148159
363,2.7966972269208066,16.39042342743489,18.0,0.6929903173742811,0.10648947617206543,1.5972730011752374,0.5302868214788246
364,-1.0516426299147443,0.349363402744572,6.0,-0.680359660847399,0.08776410950110974,-0.9397274248871861,0.4572421754140448
365,1.864345408603063,6.451711268750978,16.0,0.6598220872435808,0.11448845687393744,1.0850448819210565,0.4855547371843367
366,0.6331738067108033,1.8835792189652567,12.0,0.0033533943749750926,0.047850416905931864,0.2378932208301094,0.4442534825466298
367,-1.382443817216711,0.2509644916929143,5.0,-0.6803633160079073,0.08776694477913337,-1.1541293203156038,0.46860548079637704
368,2.7966972269208066,16.39042342743489,18.0,0.7061187022180544,0.13860810483928068,1.5972730011752374,0.5302868214788246
369,3.6048193576295913,36.77504012677225,19.0,0.8506899330008755,0.3071429852358709,1.8958966232681171,0.563774818482974
370,3.6048193576295913,36.77504012677225,19.0,0.8800461826778101,0.3256539145397887,1.8958966232681171,0.5637748184829741
371,-0.7455785192594172,0.47445973643208744,7.0,-0.5819718780607162,0.2371426111090772,-0.7356904689576441,0.44688424305385877
372,-1.0516426299147443,0.349363402744572,6.0,-0.6680753680088459,0.09987761210564176,-0.9397274248871861,0.4572421754140447
373,-0.4563580939603039,0.6335869128240579,8.0,-0.15279193838983268,0.2833000909066015,-0.5381486843237568,0.44319728922418095
374,2.273399999944665,9.71236678670042,17.0,0.6766296386150525,0.07410637159510468,1.3300249034664424,0.5048778941071638
375,2.273399999944665,9.71236678670042,17.0,0.678101640327548,0.07359724420875248,1.3300249034664438,0.5048778941071638
376,2.273399999944665,9.71236678670042,17.0,0.6726731013388612,0.08045514407170322,1.3300249034664424,0.5048778941071638
377,-1.0516426299147443,0.349363402744572,6.0,-0.6680753680088459,0.09987761210564176,-0.9397274248871861,0.4572421754140447
378,0.3621333091677741,1.4363904132082153,11.0,-0.00028398529549145184,0.020070186278907803,0.04366851717855154,0.43790893180894724
379,0.6331738067108033,1.8835792189652567,12.0,0.00022725646666484027,0.019645646338847175,0.23789322083010891,0.44425348254662983
380,-1.0516426299147443,0.349363402744572,6.0,-0.6632922112236634,0.11063175826962124,-0.9397274248871861,0.4572421754140447
381,-0.7455785192594172,0.47445973643208744,7.0,-0.15291960911298555,0.28338398853267577,-0.735690468957644,0.44688424305385877
382,-0.1783381875297083,0.8366594278535548,9.0,-0.07998253294494694,0.21871550996040795,-0.34197848210489973,0.44232684700457975
383,2.7966972269208066,16.39042342743489,18.0,0.6983410635590137,0.120403697326392,1.5972730011752372,0.5302868214788244
384,2.273399999944665,9.71236678670042,17.0,0.664638305855184,0.10176405283447205,1.3300249034664429,0.5048778941071638
385,2.273399999944665,9.71236678670042,17.0,0.6943868261428053,0.11022913279927563,1.330024903466444,0.5048778941071645
386,0.09308085365106662,1.0975504726436063,10.0,-0.0029692259546120845,0.04511214407120263,-0.14784998556112336,0.43858732770779657
387,-1.0516426299147443,0.349363402744572,6.0,-0.6680753680088459,0.09987761210564176,-0.9397274248871861,0.4572421754140447
388,-0.1783381875297083,0.8366594278535548,9.0,-0.02362514264087027,0.12435635504745916,-0.3419784821048998,0.44232684700457986
389,3.6048193576295913,36.77504012677225,19.0,0.8800461826778101,0.3256539145397887,1.8958966232681171,0.5637748184829741
390,-0.4563580939603039,0.6335869128240579,8.0,-0.48619529872766676,0.30559768583769226,-0.5381486843237568,0.44319728922418095
391,-0.4563580939603039,0.6335869128240579,8.0,-0.14078759640698546,0.27503279674899034,-0.5381486843237568,0.4431972892241812
392,-1.7506359546926684,0.17366346622862158,4.0,-0.689098417678133,0.10259777594480458,-1.3792428402798012,0.48099661557757495
393,-1.382443817216711,0.2509644916929143,5.0,-0.6764987212040023,0.08719061397015601,-1.1541293203156053,0.46860548079637726
394,8.37497915244187,4337.17785797324,20.0,1.5437170007882703,0.5197307200173314,2.2370571041226452,0.6057582936518646
395,-2.179724708774274,0.11307265426581173,3.0,-1.2524871230327048,0.33370915624703107,-1.6191132030470616,0.49961211706215825
396,8.37497915244187,4337.17785797324,20.0,1.5437170007882703,0.5197307200173314,2.2370571041226452,0.6057582936518646
397,-2.179724708774274,0.11307265426581173,3.0,-1.2524871230327048,0.33370915624703107,-1.6191132030470616,0.49961211706215825
398,0.09308085365106662,1.0975504726436063,10.0,-0.012262643665937864,0.09039663453402913,-0.14784998556112358,0.43858732770779624
399,-3.549157190102058,0.028748859269686993,1.0,-1.5486323995876328,0.3920373466846941,-2.169482585293585,0.5526747443391145
400,2.7966972269208066,16.39042342743489,18.0,0.8183561646593192,0.2830133314097957,1.5972730011752376,0.5302868214788246
401,-0.1783381875297083,0.8366594278535548,9.0,-0.004739942643582963,0.0566623503863946,-0.3419784821048991,0.4423268470045796
402,1.5155383840492433,4.551871122073627,15.0,0.3504360397804982,0.33885657135418895,0.8576391190911922,0.46855803871916624
403,2.273399999944665,9.71236678670042,17.0,0.6906318598184598,0.10003119277652996,1.3300249034664444,0.5048778941071644
404,-0.4563580939603039,0.6335869128240579,8.0,-0.38817262785896645,0.33551220862343445,-0.5381486843237577,0.443197289224181
405,2.273399999944665,9.71236678670042,17.0,0.6738406330558893,0.0779921887768376,1.3300249034664444,0.5048778941071642
406,-2.722674056086921,0.06569883694978011,2.0,-1.3111843493880149,0.32796493593085624,-1.8805070197845475,0.5235080749952267
407,-0.7455785192594172,0.47445973643208744,7.0,-0.5660501969227488,0.25230599848436125,-0.7356904689576441,0.44688424305385877
408,-2.722674056086921,0.06569883694978011,2.0,-1.3111843493880149,0.32796493593085624,-1.8805070197845475,0.5235080749952267
409,1.864345408603063,6.451711268750978,16.0,0.6664076292004819,0.09691365197187249,1.0850448819210567,0.48555473718433734
410,2.7966972269208066,16.39042342743489,18.0,0.7494513953480423,0.2116331801984034,1.5972730011752359,0.5302868214788242
411,-0.4563580939603039,0.6335869128240579,8.0,-0.298845962386039,0.33666588695737537,-0.5381486843237566,0.44319728922418083
412,-1.0516426299147443,0.349363402744572,6.0,-0.6673135361085133,0.10153003331893098,-0.9397274248871861,0.4572421754140447
413,3.6048193576295913,36.77504012677225,19.0,1.1333383834875865,0.413450939006956,1.895896623268118,0.5637748184829741
414,-2.179724708774274,0.11307265426581173,3.0,-0.793184762959346,0.2570983018273996,-1.6191132030470614,0.4996121170621581
415,-2.722674056086921,0.06569883694978011,2.0,-1.425980107010317,0.3437577774851264,-1.880507019784546,0.5235080749952267
416,-0.7455785192594172,0.47445973643208744,7.0,-0.5106738158939685,0.2926015301617319,-0.7356904689576441,0.44688424305385877
417,-1.0516426299147443,0.349363402744572,6.0,-0.6117446791351415,0.2026762761962402,-0.939727424887186,0.45724217541404477
418,-1.0516426299147443,0.349363402744572,6.0,-0.6728947927426578,0.09086142703989228,-0.9397274248871861,0.4572421754140448
419,0.09308085365106662,1.0975504726436063,10.0,-0.012262643665937864,0.09039663453402913,-0.14784998556112358,0.43858732770779624
420,-0.4563580939603039,0.6335869128240579,8.0,-0.4802422847871871,0.30838393648203805,-0.5381486843237568,0.4431972892241811
421,-2.722674056086921,0.06569883694978011,2.0,-1.425980107010317,0.3437577774851264,-1.880507019784546,0.5235080749952267
422,1.5155383840492433,4.551871122073627,15.0,0.6235410340919928,0.18525918618193468,0.8576391190911923,0.4685580387191662
423,-2.722674056086921,0.06569883694978011,2.0,-1.3600949467158803,0.32973357628060745,-1.8805070197845484,0.5235080749952269
424,-0.7455785192594172,0.47445973643208744,7.0,-0.6438479675210893,0.15203105405840908,-0.7356904689576441,0.446884243053859
425,-0.7455785192594172,0.47445973643208744,7.0,-0.6438479675210893,0.15203105405840908,-0.7356904689576441,0.446884243053859
426,-2.722674056086921,0.06569883694978011,2.0,-1.3111843493880149,0.32796493593085624,-1.8805070197845475,0.5235080749952267
427,-1.0516426299147443,0.349363402744572,6.0,-0.647797738329529,0.14436054651538344,-0.9397274248871861,0.4572421754140449
428,2.273399999944665,9.71236678670042,17.0,0.6738406330558893,0.0779921887768376,1.3300249034664444,0.5048778941071642
429,2.7966972269208066,16.39042342743489,18.0,0.6920770636221542,0.10400745755418228,1.5972730011752363,0.5302868214788246
430,-0.7455785192594172,0.47445973643208744,7.0,-0.6318620809697221,0.17312132853646509,-0.7356904689576436,0.4468842430538586
431,8.37497915244187,4337.17785797324,20.0,1.5437170007882703,0.5197307200173314,2.2370571041226452,0.6057582936518646
432,2.273399999944665,9.71236678670042,17.0,0.6806037169048376,0.07544188089365984,1.3300249034664442,0.5048778941071641
433,2.273399999944665,9.71236678670042,17.0,0.6806037169048376,0.07544188089365984,1.3300249034664442,0.5048778941071641
434,2.7966972269208066,16.39042342743489,18.0,0.7013452369328024,0.12770998680724863,1.5972730011752365,0.5302868214788246
435,-2.722674056086921,0.06569883694978011,2.0,-1.4171692814108154,0.34117795415653507,-1.8805070197845477,0.5235080749952267
436,-2.722674056086921,0.06569883694978011,2.0,-1.3111843493880149,0.32796493593085624,-1.8805070197845475,0.5235080749952267
437,-1.0516426299147443,0.349363402744572,6.0,-0.6673135361085133,0.10153003331893098,-0.9397274248871861,0.4572421754140447
438,0.3621333091677741,1.4363904132082153,11.0,-0.000270071645214324,0.0199599710724296,0.04366851717855097,0.43790893180894686
439,2.273399999944665,9.71236678670042,17.0,0.6711649395165491,0.08408401603732207,1.3300249034664433,0.5048778941071638
440,2.273399999944665,9.71236678670042,17.0,0.6698835863249616,0.0874174922262502,1.3300249034664424,0.5048778941071639
441,-2.179724708774274,0.11307265426581173,3.0,-1.2524871230327048,0.33370915624703107,-1.6191132030470616,0.49961211706215825
442,-2.722674056086921,0.06569883694978011,2.0,-1.3111843493880149,0.32796493593085624,-1.8805070197845475,0.5235080749952267
443,1.864345408603063,6.451711268750978,16.0,0.6583238463012123,0.11826158358566326,1.0850448819210572,0.4855547371843371
444,0.9111675491506434,2.4872247959860214,13.0,0.0031519930366060256,0.04643428248975614,0.4384193451634282,0.450874642575472
445,3.6048193576295913,36.77504012677225,19.0,0.8889273420695939,0.3307203709442126,1.895896623268118,0.5637748184829741
446,-2.722674056086921,0.06569883694978011,2.0,-1.3111843493880149,0.32796493593085624,-1.8805070197845475,0.5235080749952267
447,1.864345408603063,6.451711268750978,16.0,0.5825306725228019,0.23623590427950994,1.0850448819210572,0.48555473718433717
448,0.9111675491506434,2.4872247959860214,13.0,0.014431602538038974,0.09789365636316111,0.4384193451634283,0.45087464257547233
449,0.09308085365106662,1.0975504726436063,10.0,-0.0009812859687649913,0.027432309708776127,-0.14784998556112303,0.43858732770779635
450,-1.0516426299147443,0.349363402744572,6.0,-0.6300222158944435,0.17610001164734318,-0.939727424887186,0.4572421754140446
451,-1.382443817216711,0.2509644916929143,5.0,-0.695185926935386,0.11656954626521317,-1.1541293203156038,0.468605480796377
452,-1.0516426299147443,0.349363402744572,6.0,-0.62818037626476,0.17902012307089443,-0.939727424887187,0.45724217541404494
453,2.7966972269208066,16.39042342743489,18.0,0.818551687772912,0.28317311688933783,1.5972730011752378,0.5302868214788246
454,-2.722674056086921,0.06569883694978011,2.0,-1.3111843493880149,0.32796493593085624,-1.8805070197845475,0.5235080749952267
455,-0.7455785192594172,0.47445973643208744,7.0,-0.5841883301347749,0.234872128654065,-0.7356904689576441,0.44688424305385877
456,2.7966972269208066,16.39042342743489,18.0,0.7122826294230907,0.15153956837275842,1.5972730011752372,0.5302868214788243
457,0.09308085365106662,1.0975504726436063,10.0,-0.0064382594931985445,0.06586397799792607,-0.1478499855611231,0.4385873277077962
458,2.7966972269208066,16.39042342743489,18.0,0.6983410635590137,0.120403697326392,1.5972730011752372,0.5302868214788244
459,2.273399999944665,9.71236678670042,17.0,0.6951711401460692,0.11229719553510473,1.3300249034664435,0.5048778941071641
460,0.3621333091677741,1.4363904132082153,11.0,-7.916145415217996e-05,0.018920237086765573,0.0436685171785515,0.4379089318089472
461,0.9111675491506434,2.4872247959860214,13.0,0.0031519930366060256,0.04643428248975614,0.4384193451634282,0.450874642575472
462,-1.382443817216711,0.2509644916929143,5.0,-0.6904885254442765,0.10573419895305644,-1.154129320315604,0.4686054807963772
463,-0.4563580939603039,0.6335869128240579,8.0,-0.5725395311673571,0.24635813913059748,-0.5381486843237568,0.44319728922418095
464,1.864345408603063,6.451711268750978,16.0,0.5751501685983513,0.2435804650305519,1.0850448819210565,0.4855547371843368
465,0.3621333091677741,1.4363904132082153,11.0,-0.000518831556853501,0.02233114389936048,0.04366851717855125,0.4379089318089471
466,2.273399999944665,9.71236678670042,17.0,0.6715512928932329,0.08311741719574507,1.3300249034664429,0.5048778941071639
467,-0.7455785192594172,0.47445973643208744,7.0,-0.5261842282233212,0.2829748257196059,-0.7356904689576436,0.4468842430538586
468,3.6048193576295913,36.77504012677225,19.0,0.8800461826778101,0.3256539145397887,1.8958966232681171,0.5637748184829741
469,0.3621333091677741,1.4363904132082153,11.0,0.00043597909050365266,0.021468507173879936,0.04366851717855125,0.4379089318089471
470,1.5155383840492433,4.551871122073627,15.0,0.2939204805189827,0.33602505844947006,0.8576391190911923,0.4685580387191663
471,0.9111675491506434,2.4872247959860214,13.0,0.0031519930366060256,0.04643428248975614,0.4384193451634282,0.450874642575472
472,2.7966972269208066,16.39042342743489,18.0,0.6920770636221542,0.10400745755418228,1.5972730011752363,0.5302868214788246
473,1.864345408603063,6.451711268750978,16.0,0.675542137291992,0.07521595244713516,1.0850448819210565,0.48555473718433684
474,1.864345408603063,6.451711268750978,16.0,0.675542137291992,0.07521595244713516,1.0850448819210565,0.48555473718433684
475,-3.549157190102058,0.028748859269686993,1.0,-1.5486323995876328,0.3920373466846941,-2.169482585293585,0.5526747443391145
476,3.6048193576295913,36.77504012677225,19.0,0.839332589007517,0.2991628026750875,1.8958966232681174,0.5637748184829741
477,0.3621333091677741,1.4363904132082153,11.0,-7.916145415217996e-05,0.018920237086765573,0.0436685171785515,0.4379089318089472
478,1.864345408603063,6.451711268750978,16.0,0.5809812947221924,0.23781511459508514,1.0850448819210574,0.4855547371843372
479,-0.4563580939603039,0.6335869128240579,8.0,-0.19010902708568553,0.30457865667827655,-0.5381486843237568,0.44319728922418117
480,1.864345408603063,6.451711268750978,16.0,0.6512050255283338,0.13494938408419205,1.085044881921057,0.485554737184337
481,2.273399999944665,9.71236678670042,17.0,0.6666713068808892,0.09618710944032445,1.3300249034664429,0.5048778941071638
482,-1.0516426299147443,0.349363402744572,6.0,-0.6733623314958597,0.09019320636663868,-0.9397274248871861,0.4572421754140447
483,0.09308085365106662,1.0975504726436063,10.0,-0.00905379960434689,0.0778901074518292,-0.14784998556112358,0.43858732770779624
484,0.09308085365106662,1.0975504726436063,10.0,-0.012262643665937864,0.09039663453402913,-0.14784998556112358,0.43858732770779624
485,0.09308085365106662,1.0975504726436063,10.0,-0.012262643665937864,0.09039663453402913,-0.14784998556112358,0.43858732770779624
486,-0.1783381875297083,0.8366594278535548,9.0,-0.012732527865069915,0.09207677925420162,-0.34197848210489923,0.4423268470045797
487,1.5155383840492433,4.551871122073627,15.0,0.3110768716882734,0.3378873852786482,0.8576391190911922,0.46855803871916596
488,-0.7455785192594172,0.47445973643208744,7.0,-0.6438479675210893,0.15203105405840908,-0.7356904689576441,0.446884243053859
489,2.273399999944665,9.71236678670042,17.0,0.6693918886257038,0.088734597717767,1.3300249034664442,0.5048778941071639
490,-0.7455785192594172,0.47445973643208744,7.0,-0.6172990937822711,0.19512657015586846,-0.7356904689576436,0.44688424305385877
491,-2.722674056086921,0.06569883694978011,2.0,-1.3111843493880149,0.32796493593085624,-1.8805070197845475,0.5235080749952267
492,0.6331738067108033,1.8835792189652567,12.0,0.0003996461987860917,0.02110789965088913,0.23789322083010864,0.4442534825466295
493,-3.549157190102058,0.028748859269686993,1.0,-1.648553677428934,0.43543180666082537,-2.1694825852935846,0.5526747443391147
494,2.7966972269208066,16.39042342743489,18.0,0.708832490571421,0.14444844858308492,1.5972730011752374,0.5302868214788243
495,-2.722674056086921,0.06569883694978011,2.0,-1.1005671722257289,0.3541671962145643,-1.8805070197845477,0.5235080749952267
496,1.5155383840492433,4.551871122073627,15.0,0.49013195424015293,0.3035826713581948,0.8576391190911925,0.46855803871916635
497,-2.722674056086921,0.06569883694978011,2.0,-1.3744147780549258,0.3316712360230711,-1.8805070197845475,0.5235080749952267
498,-3.549157190102058,0.028748859269686993,1.0,-1.560330833767037,0.39717304719495344,-2.1694825852935846,0.5526747443391145
499,-3.549157190102058,0.028748859269686993,1.0,-1.493924416888042,0.36860585450892713,-2.1694825852935855,0.5526747443391146
500,-1.382443817216711,0.2509644916929143,5.0,-0.695185926935386,0.11656954626521317,-1.1541293203156038,0.468605480796377
501,0.3621333091677741,1.4363904132082153,11.0,-0.0011828924077757709,0.02958236917662618,0.04366851717855129,0.4379089318089474
502,-1.0516426299147443,0.349363402744572,6.0,-0.6544217994932773,0.13060214761866604,-0.9397274248871851,0.4572421754140445
503,-3.549157190102058,0.028748859269686993,1.0,-1.560330833767037,0.39717304719495344,-2.1694825852935846,0.5526747443391145
504,-1.382443817216711,0.2509644916929143,5.0,-0.6764987212040023,0.08719061397015601,-1.1541293203156053,0.46860548079637726
505,-2.722674056086921,0.06569883694978011,2.0,-1.2011791978493642,0.34188148583455047,-1.8805070197845484,0.523508074995227
506,-3.549157190102058,0.028748859269686993,1.0,-1.493924416888042,0.36860585450892713,-2.1694825852935855,0.5526747443391146
507,-1.382443817216711,0.2509644916929143,5.0,-0.6998305417273194,0.1270918557943339,-1.1541293203156038,0.468605480796377
508,-1.382443817216711,0.2509644916929143,5.0,-0.6803633160079073,0.08776694477913337,-1.1541293203156038,0.46860548079637704
509,-3.549157190102058,0.028748859269686993,1.0,-1.493924416888042,0.36860585450892713,-2.1694825852935855,0.5526747443391146
510,-2.722674056086921,0.06569883694978011,2.0,-1.1320305279303735,0.3515697966152052,-1.8805070197845484,0.5235080749952269
511,-0.7455785192594172,0.47445973643208744,7.0,-0.6438479675210893,0.15203105405840908,-0.7356904689576441,0.446884243053859
512,-1.0516426299147443,0.349363402744572,6.0,-0.6680753680088459,0.09987761210564176,-0.9397274248871861,0.4572421754140447
513,1.5155383840492433,4.551871122073627,15.0,0.4947568356434833,0.3012407842812004,0.8576391190911907,0.46855803871916585
514,-1.0516426299147443,0.349363402744572,6.0,-0.6673135361085133,0.10153003331893098,-0.9397274248871861,0.4572421754140447
515,-1.382443817216711,0.2509644916929143,5.0,-0.6759254839939904,0.08752417685372975,-1.1541293203156053,0.46860548079637726
516,-1.0516426299147443,0.349363402744572,6.0,-0.6613628326362192,0.11506871159326398,-0.9397274248871861,0.4572421754140449
517,-2.179724708774274,0.11307265426581173,3.0,-0.9613079533105586,0.3434142163647856,-1.6191132030470614,0.4996121170621581
518,0.3621333091677741,1.4363904132082153,11.0,-0.0007176150982262443,0.024516537117300043,0.04366851717855136,0.4379089318089468
519,-3.549157190102058,0.028748859269686993,1.0,-1.493924416888042,0.36860585450892713,-2.1694825852935855,0.5526747443391146
520,1.5155383840492433,4.551871122073627,15.0,0.13271656858826114,0.2690281691344064,0.8576391190911916,0.468558038719166
521,-2.722674056086921,0.06569883694978011,2.0,-0.9989710108641658,0.35048618439216894,-1.8805070197845477,0.5235080749952267
522,-3.549157190102058,0.028748859269686993,1.0,-1.3263456020336921,0.3277457142753195,-2.1694825852935855,0.5526747443391147
523,-3.549157190102058,0.028748859269686993,1.0,-1.4110276379246602,0.3394948072668725,-2.1694825852935855,0.5526747443391146
524,-2.722674056086921,0.06569883694978011,2.0,-1.3111843493880149,0.32796493593085624,-1.8805070197845475,0.5235080749952267
525,-3.549157190102058,0.028748859269686993,1.0,-1.3046881977980833,0.32824840111870224,-2.1694825852935855,0.5526747443391146
526,-3.549157190102058,0.028748859269686993,1.0,-1.3263456020336921,0.3277457142753195,-2.1694825852935855,0.5526747443391147
527,0.3621333091677741,1.4363904132082153,11.0,-0.0008355390303545594,0.025829830718619193,0.04366851717855101,0.4379089318089472
528,0.3621333091677741,1.4363904132082153,11.0,-0.0008355390303545594,0.025829830718619193,0.04366851717855101,0.4379089318089472
529,-3.549157190102058,0.028748859269686993,1.0,-1.3601465399210966,0.3297393770812636,-2.169482585293585,0.5526747443391145
530,-3.549157190102058,0.028748859269686993,1.0,-1.3247095106126958,0.3277380663436223,-2.1694825852935846,0.5526747443391145
531,-2.722674056086921,0.06569883694978011,2.0,-1.1227193638476702,0.35248855198714385,-1.8805070197845484,0.5235080749952268
532,-27.631020715519405,1.0000004004092242e-12,0.0,-1.8753344253307365,0.5215794635459088,-2.495368203542421,0.5904289904366912
533,1.864345408603063,6.451711268750978,16.0,0.6540266911026084,0.1285724975611454,1.0850448819210576,0.48555473718433767
534,-27.631020715519405,1.0000004004092242e-12,0.0,-1.8753344253307365,0.5215794635459088,-2.495368203542421,0.5904289904366912
535,1.864345408603063,6.451711268750978,16.0,0.6233771170288547,0.18550751787889097,1.085044881921057,0.485554737184337
536,0.3621333091677741,1.4363904132082153,11.0,-0.0005388343288548831,0.022545670564577625,0.043668517178551636,0.43790893180894697
