item,section_prompt,item_text,combined_text,CGCoT_Breakdown_gemini-3-flash-preview,CGCoT_Breakdown_gemini-3.1-pro-preview,CGCoT_Breakdown_gpt-5.4-mini,CGCoT_Breakdown_gpt-5.4,Bradley_Terry_Score_gemini-3-flash-preview,Bradley_Terry_SE_gemini-3-flash-preview,Bradley_Terry_Score_gemini-3.1-pro-preview,Bradley_Terry_SE_gemini-3.1-pro-preview,Bradley_Terry_Score_gpt-5.4-mini,Bradley_Terry_SE_gpt-5.4-mini,Bradley_Terry_Score_gpt-5.4,Bradley_Terry_SE_gpt-5.4,a_2PL,b_2PL,b_1PL,BT_Item_Score_Bipartite,BT_Item_Strength_Bipartite,BT_Item_Total_Wins_Bipartite,table
bg_know_q8,"Teacher Directions to Read Aloud: “Now you will read this passage about skyscrapers.  Let’s begin by answering 3 questions about the passage. I’ll read each question and the 4 answer choices. Then, you will choose only 1 answer for each question.”",2. Which part of a skyscraper is like the skeletal system of a human body?,"Teacher Directions to Read Aloud: “Now you will read this passage about skyscrapers.  Let’s begin by answering 3 questions about the passage. I’ll read each question and the 4 answer choices. Then, you will choose only 1 answer for each question.”: 2. Which part of a skyscraper is like the skeletal system of a human body?
a. the command center
b. the steel columns
c. the heating system
d. the glass windows","Original Text: Teacher Directions to Read Aloud: “Now you will read this passage about skyscrapers.  Let’s begin by answering 3 questions about the passage. I’ll read each question and the 4 answer choices. Then, you will choose only 1 answer for each question.”: 2. Which part of a skyscraper is like the skeletal system of a human body?
a. the command center
b. the steel columns
c. the heating system
d. the glass windows
The core task is to identify which component of a skyscraper functions analogously to the human skeletal system.
This item measures the skill of **analogical reasoning** within the domain of reading comprehension. It requires the examinee to identify a functional correspondence between a biological support structure (the skeletal system) and an architectural one (steel columns), demonstrating the ability to map relational similarities across different contexts.
This analysis evaluates the cognitive demand and structural complexity of the skyscraper analogy question.

**Cognitive Process:** This item requires **synthesis**. The student must perform cross-domain mapping, identifying the functional properties of a biological system (support and structure) and applying them to an architectural context to determine the equivalent component.

**Structural/Semantic Elements:**
*   **Metaphorical Reasoning:** The use of ""like the skeletal system"" increases cognitive load by requiring abstract conceptual alignment rather than direct text retrieval.
*   **Functional Equivalence:** The student must move beyond surface-level descriptions to understand the underlying purpose of both the biological and mechanical parts.
*   **Categorical Distractors:** Options such as ""command center"" and ""heating system"" act as plausible distractors by referencing other body-to-building analogies (nervous and circulatory systems), requiring the student to precisely isolate the skeletal function.
To determine the level of the underlying latent trait required to correctly identify the structural analogy in this item, the respondent must demonstrate a **moderate level of cognitive ability**, specifically involving **analogical reasoning** and **functional mapping**. Success requires the respondent to understand the supportive role of the human skeletal system and conceptually link that function to the structural steel columns of a building, moving beyond literal identification to abstract categorization.","Original Text: Teacher Directions to Read Aloud: “Now you will read this passage about skyscrapers.  Let’s begin by answering 3 questions about the passage. I’ll read each question and the 4 answer choices. Then, you will choose only 1 answer for each question.”: 2. Which part of a skyscraper is like the skeletal system of a human body?
a. the command center
b. the steel columns
c. the heating system
d. the glass windows
To summarize the core task and scenario presented in the item: A student is directed to answer a multiple-choice reading comprehension question by identifying which structural component of a skyscraper is analogous to the human skeletal system.
To identify the primary skill or domain measured by the provided multiple-choice question and justify this classification:

**Primary Skill:** Reading comprehension (specifically, analogical reasoning within informational text). 

**Justification:** The item requires the student to comprehend a written passage and successfully map the structural function of the human skeletal system (framework/support) to the corresponding architectural component of a skyscraper (steel columns) based on the text.
In analyzing the cognitive demand, reasoning requirements, and structural elements that affect the difficulty of this assessment item:

This cognitive item requires synthesis and multi-step analogical reasoning. The student must first recall the function of the human skeletal system (structural support) and then map that biological function to the corresponding architectural component of a skyscraper. 

The cognitive load is increased by the cross-domain analogy (biology to architecture). Furthermore, the distractors are structurally tricky because they represent other plausible biological-to-architectural mappings (e.g., ""the command center"" as the brain, ""the heating system"" as the circulatory system, or ""the glass windows"" as the skin), requiring precise functional alignment to correctly endorse ""the steel columns.""
To determine the overall level of the underlying latent trait required to successfully answer this item, a moderate level of cognitive ability and reading comprehension is necessary. The respondent must possess sufficient analogical reasoning skills to map the structural support function of a human skeletal system to the corresponding architectural component of a skyscraper (the steel columns).","Original Text: Teacher Directions to Read Aloud: “Now you will read this passage about skyscrapers.  Let’s begin by answering 3 questions about the passage. I’ll read each question and the 4 answer choices. Then, you will choose only 1 answer for each question.”: 2. Which part of a skyscraper is like the skeletal system of a human body?
a. the command center
b. the steel columns
c. the heating system
d. the glass windows
The item asks the student to identify which part of a skyscraper is compared to the human skeletal system, choosing the correct answer from four options.
This item measures **reading comprehension of an informational text**, specifically **identifying an analogy between a skyscraper’s structure and the human skeletal system**. The correct choice requires understanding that **steel columns provide structural support**, like bones do in the body.
This is a low-severity, low-demand recall item. It mainly requires simple passage-based identification, not multi-step reasoning or synthesis. The correct choice depends on recognizing an analogy between a skyscraper part and the human skeletal system, with “steel columns” as the likely match. The wording is straightforward, with no strong emotional language, conditional logic, or especially tricky distractors beyond basic semantic similarity among the options.
This item requires only a low level of the underlying trait: basic reading comprehension and simple passage-based reasoning. A respondent needs to identify the structural analogy in the text, so strong endorsement or correct answering does not demand high cognitive ability.","Original Text: Teacher Directions to Read Aloud: “Now you will read this passage about skyscrapers.  Let’s begin by answering 3 questions about the passage. I’ll read each question and the 4 answer choices. Then, you will choose only 1 answer for each question.”: 2. Which part of a skyscraper is like the skeletal system of a human body?
a. the command center
b. the steel columns
c. the heating system
d. the glass windows
The item asks which skyscraper part is analogous to the human skeletal system, with the correct focus on the steel columns.
This item is measuring **reading comprehension of informational text, specifically identifying an analogy/detail from a passage**. It asks the student to recall or infer which skyscraper component corresponds to the human skeletal system, so success depends on understanding the passage’s comparison rather than expressing a belief, symptom, or attitude.
This asks for basic recall/recognition from the passage, with a simple analogy match rather than multi-step reasoning or synthesis. Endorsement/severity is not relevant.

Cognitive load is low: the question is direct, the options are short concrete nouns, and the analogy (“skeletal system”) provides a clear cue toward “steel columns.” Minor load comes from needing to map body-part function to building structure and ignore plausible but weak distractors like “command center” or “heating system,” but there is no complex phrasing, conditional logic, or emotionally strong wording.
This asks for the latent trait level needed to get this item right. The required level appears low to somewhat below average: the item mainly taps basic reading comprehension and recognition of an explicit analogy from the passage, so a respondent does not need especially high ability to answer it successfully.",3.0,5.744162388191409,3.0,5.645810545154875,0.3107639816280634,0.8106759645668455,-1.9857695235649313,0.46321441860350987,0.5933765454349548,1.2190287372435957,0.7738747331017969,1.0595963769216952,2.8852062184041536,1207.0,gilbert_meta_104
bg_know_q5,"Teacher Directions to Read Aloud: “Now, you will read this passage about birds.  Let’s begin by answering 3 questions about the passage. I’ll read each question and the 4 answer choices. Then, you will choose only 1 answer for each question.”",2. A bird wing works like a human,"Teacher Directions to Read Aloud: “Now, you will read this passage about birds.  Let’s begin by answering 3 questions about the passage. I’ll read each question and the 4 answer choices. Then, you will choose only 1 answer for each question.”: 2. A bird wing works like a human
b. rib
d. arm
c. leg
a. skull","Original Text: Teacher Directions to Read Aloud: “Now, you will read this passage about birds.  Let’s begin by answering 3 questions about the passage. I’ll read each question and the 4 answer choices. Then, you will choose only 1 answer for each question.”: 2. A bird wing works like a human
b. rib
d. arm
c. leg
a. skull
The core task of this item is to identify the human anatomical equivalent to a bird's wing from a provided list of options.
This item measures the primary knowledge domain of **Comparative Anatomy** and the skill of **Reading Comprehension**. It requires the student to identify a functional analogy between avian and human structures based on specific information extracted from a provided text.
This analysis evaluates the cognitive demand and structural complexity of a multiple-choice item comparing bird and human anatomy.

**Cognitive Demand**
This item requires **synthesis** and **analogical reasoning**. The student must map the functional and structural properties of a bird's wing onto the human skeletal system, moving beyond simple recall to identify biological homologies.

**Structural and Semantic Elements**
*   **Functional Phrasing:** The phrase **""works like""** increases cognitive load by requiring the student to evaluate mechanical similarity rather than just physical appearance.
*   **Analogical Mapping:** The requirement to translate biological concepts across species (bird to human) necessitates a higher level of abstract processing.
*   **Anatomical Distractors:** The inclusion of ""leg"" serves as a plausible distractor for students who recognize the wing as a limb but lack the precise anatomical knowledge to distinguish it from the human ""arm.""
To determine the level of the underlying latent trait required for a respondent to correctly identify the human anatomical equivalent of a bird wing, the analysis indicates a **low level of cognitive ability and basic scientific literacy**. This item requires foundational knowledge of comparative anatomy and the ability to recognize functional analogies. Because the item is read aloud, the required trait level is focused on auditory comprehension and basic biological categorization rather than advanced reading fluency or complex deductive reasoning.","Original Text: Teacher Directions to Read Aloud: “Now, you will read this passage about birds.  Let’s begin by answering 3 questions about the passage. I’ll read each question and the 4 answer choices. Then, you will choose only 1 answer for each question.”: 2. A bird wing works like a human
b. rib
d. arm
c. leg
a. skull
To summarize the primary task and scenario presented in the text: The item outlines a teacher-guided reading comprehension assessment where a student must listen to a question about a passage on birds and select the human body part that functions most like a bird's wing from four multiple-choice options.
To determine the primary skill measured by the provided text and justify this classification:

**Primary Skill:** Reading comprehension. 

**Justification:** The instructions explicitly require the student to read a passage and use that text to answer a question, demonstrating their ability to extract, recall, or infer specific comparative information (analogous anatomy) directly from the reading material.
To analyze the cognitive demand and structural complexity of the provided cross-species anatomy question: 

This cognitive item requires multi-step reasoning and synthesis to identify a bird wing's function and map it to the analogous human appendage. The primary structural element increasing cognitive load is the non-sequential ordering of the answer choices (b, d, c, a), which introduces visual friction and processing confusion. Additionally, the read-aloud administration format requires the student to hold the analogy and the out-of-order distractors in working memory simultaneously.
Evaluating the degree of the underlying latent trait necessary to correctly answer this item indicates that a low level of cognitive ability and basic reading comprehension is required.","Original Text: Teacher Directions to Read Aloud: “Now, you will read this passage about birds.  Let’s begin by answering 3 questions about the passage. I’ll read each question and the 4 answer choices. Then, you will choose only 1 answer for each question.”: 2. A bird wing works like a human
b. rib
d. arm
c. leg
a. skull
The task is to identify the correct analogy for a bird wing by choosing the human body part it works like from four answer choices.
This item is measuring **reading comprehension / basic science analogy understanding**, specifically the ability to **match a bird wing to the human body part with a similar function or structure**. The correct concept is **arm**, since both are used for movement and have analogous roles in locomotion.
This is a low-demand recall item: it mainly asks for a simple analogy between a bird wing and a human arm. Endorsement/selection does not require severe symptoms, strong beliefs, or deep introspection. The main cognitive load comes from basic vocabulary and choosing among similar body-part distractors; there is no complex phrasing, conditional logic, or emotional wording.
The item requires a low level of the underlying trait: basic reading comprehension and simple analogical reasoning, with the correct response relying on recognizing that a bird wing is most like an arm.","Original Text: Teacher Directions to Read Aloud: “Now, you will read this passage about birds.  Let’s begin by answering 3 questions about the passage. I’ll read each question and the 4 answer choices. Then, you will choose only 1 answer for each question.”: 2. A bird wing works like a human
b. rib
d. arm
c. leg
a. skull
The item asks the student to identify which human body part a bird wing is like, choosing from four options.
This item is primarily measuring **reading comprehension / vocabulary-based analogy knowledge**, specifically understanding a **functional body-part correspondence**. The student must use the passage context and general knowledge to identify that a bird’s wing is analogous to a human **arm**, showing comprehension of comparative anatomy language rather than a clinical, attitudinal, or psychological construct.
This asks for the item’s cognitive demand and any wording/features that affect difficulty.

Low demand: it mainly requires simple recall/recognition of an analogy from basic knowledge or the passage, not multi-step reasoning or synthesis.

Load-increasing elements:
- Slightly awkward structure: “A bird wing works like a human ___” is an analogy/comparison rather than a direct fact question.
- Multiple-choice distractors are all body parts, so the test-taker must discriminate among plausible category-mates.
- Minimal linguistic complexity: short stem, no conditional logic, no emotional wording, no deep introspection or endorsement threshold.
This item appears to require a relatively low underlying latent trait level. It is a basic analogy/vocabulary-style question with an obvious correct answer (“arm”), so successful responding likely reflects low to below-average reading comprehension or verbal reasoning rather than a high level of the trait.",-1.52408335387948,0.28311208826584183,0.15823847876424058,0.7111699918298613,-1.7757457087962387,0.24584332002486806,-3.0,0.30762587362171345,1.866050230185736,-0.3410859740019573,-0.5301296485811857,-0.44426633616919775,0.6412945981336047,721.0,gilbert_meta_104
bg_know_q6,"Teacher Directions to Read Aloud: “Now, you will read this passage about birds.  Let’s begin by answering 3 questions about the passage. I’ll read each question and the 4 answer choices. Then, you will choose only 1 answer for each question.”",3. Scientists think that birds’ bodies can adapt to fly long distances. What does the word adapt mean?,"Teacher Directions to Read Aloud: “Now, you will read this passage about birds.  Let’s begin by answering 3 questions about the passage. I’ll read each question and the 4 answer choices. Then, you will choose only 1 answer for each question.”: 3. Scientists think that birds’ bodies can adapt to fly long distances. What does the word adapt mean?
b. behave
a. Shape
c. change
d. prepare","Original Text: Teacher Directions to Read Aloud: “Now, you will read this passage about birds.  Let’s begin by answering 3 questions about the passage. I’ll read each question and the 4 answer choices. Then, you will choose only 1 answer for each question.”: 3. Scientists think that birds’ bodies can adapt to fly long distances. What does the word adapt mean?
b. behave
a. Shape
c. change
d. prepare
The core task is to identify the contextual definition of the word ""adapt"" as it relates to the physical adjustments birds make for long-distance flight.
This item measures the primary knowledge domain of **Vocabulary Knowledge**, specifically the skill of identifying word meaning through context or synonym recognition. The item requires the student to select the correct definition of the word ""adapt"" from a list of options, assessing their lexical proficiency and ability to understand academic language used in a scientific context.
This analysis evaluates the cognitive demand and structural complexity of a vocabulary item requiring the definition of ""adapt"" within a biological context.

**Cognitive Level**
This item requires **recall** of academic vocabulary or **reasoning** to map a synonym to the provided context.

**Structural and Semantic Elements**
*   **Plausible Distractors:** The options ""shape"" and ""prepare"" function as strong distractors because they relate to biological morphology and migratory readiness, requiring precise semantic differentiation.
*   **Contextual Breadth:** The introductory sentence provides a functional anchor (""fly long distances"") but is broad enough that multiple choices could logically fit the sentence structure, increasing the reliance on specific lexical knowledge rather than simple context clues.
The level of the underlying latent trait required to correctly identify the meaning of ""adapt"" in this context is a **moderate level of verbal cognitive ability and academic vocabulary proficiency**. A respondent must possess the specific lexical knowledge to recognize ""adapt"" as a Tier 2 academic word and the contextual reasoning skills to select ""change"" as the most accurate functional synonym among plausible distractors.","Original Text: Teacher Directions to Read Aloud: “Now, you will read this passage about birds.  Let’s begin by answering 3 questions about the passage. I’ll read each question and the 4 answer choices. Then, you will choose only 1 answer for each question.”: 3. Scientists think that birds’ bodies can adapt to fly long distances. What does the word adapt mean?
b. behave
a. Shape
c. change
d. prepare
The core task presented in this item is for a student to determine the contextual meaning of the vocabulary word ""adapt"" within a provided sentence, selecting the correct definition from four multiple-choice options.
In determining the primary knowledge domain or skill this item attempts to measure and providing a concise justification:

**Primary Skill:** Contextual Vocabulary (Reading Comprehension)
**Justification:** The item explicitly requires the student to identify the correct definition of a specific word (""adapt"") based on its usage within the provided sentence.
In evaluating the cognitive demand and structural elements that affect the difficulty of this vocabulary question:

This cognitive item requires both vocabulary recall and the synthesis of context clues to define ""adapt."" Structurally, the cognitive load is increased by the non-sequential ordering of the answer choices (b, a, c, d). Semantically, the distractors ""prepare"" and ""shape"" increase the threshold for a correct response; they are contextually plausible alternatives for bodies adjusting to fly, which requires precise semantic differentiation rather than broad guessing.
Evaluating the degree of the underlying latent trait needed to correctly define the word ""adapt"" based on the provided context reveals that a low to moderate level of cognitive ability and reading comprehension is required to successfully answer this item.","Original Text: Teacher Directions to Read Aloud: “Now, you will read this passage about birds.  Let’s begin by answering 3 questions about the passage. I’ll read each question and the 4 answer choices. Then, you will choose only 1 answer for each question.”: 3. Scientists think that birds’ bodies can adapt to fly long distances. What does the word adapt mean?
b. behave
a. Shape
c. change
d. prepare
The item asks the student to determine the meaning of the word “adapt” in the context of birds’ bodies flying long distances, by choosing the correct multiple-choice answer.
This item measures **vocabulary knowledge / reading comprehension**, specifically understanding the meaning of a word in context. The key construct is **word meaning inference**: “adapt” is used in a passage about birds, and the correct choice is **change**, showing the student can determine a vocabulary term from context.
This is a low-severity cognitive item: it mainly tests vocabulary recall/word meaning, not multi-step reasoning or synthesis. Endorsement requires only basic comprehension of “adapt” in context, not a strong belief or deep introspection. The main load comes from the passage-based wording and the need to infer the correct synonym among close distractors; there is no strong emotional language or conditional logic.
This item requires a low level of the underlying trait: basic reading vocabulary and simple word-meaning comprehension, specifically recognizing that “adapt” means “change.”","Original Text: Teacher Directions to Read Aloud: “Now, you will read this passage about birds.  Let’s begin by answering 3 questions about the passage. I’ll read each question and the 4 answer choices. Then, you will choose only 1 answer for each question.”: 3. Scientists think that birds’ bodies can adapt to fly long distances. What does the word adapt mean?
b. behave
a. Shape
c. change
d. prepare
The item asks the student to determine the meaning of the word “adapt” in a sentence about birds flying long distances by choosing the correct multiple-choice definition.
This item is primarily measuring **vocabulary knowledge in reading comprehension**, specifically **word meaning in context**. It asks the student to determine the meaning of **“adapt”** within a passage sentence, so the targeted skill is understanding academic vocabulary from context rather than science knowledge about birds.
This asks for a low-demand vocabulary inference/recall item. It mainly requires knowing or recognizing the meaning of “adapt” in context, not multi-step reasoning or synthesis.

Load/threshold-increasing elements:
- Mild context use: “birds’ bodies can adapt to fly long distances” helps cue meaning.
- Simple multiple-choice format with 4 options.
- Minimal linguistic complexity; no conditional logic.
- Slight distractor risk: “prepare” and “shape” are somewhat plausible, but not highly tricky.
- No emotional wording or endorsement threshold.
This item appears to require a relatively low to below-average level of the underlying latent trait. It mainly assesses basic vocabulary-in-context and simple passage-based comprehension, and the correct response (“change”) depends on recognizing a common meaning of “adapt” rather than demonstrating especially advanced verbal reasoning or high overall ability.",2.6624747505403317,4.160559321327739,2.1076480123559342,2.8152392735572525,0.24346872180076318,0.7941369887903669,1.574305203747505,2.488986533083937,0.8149143489645871,0.34826147380577616,0.29443216459342864,0.5070112795600821,1.6603215352741256,1063.0,gilbert_meta_104
bg_know_q2,"Teacher Directions to Read Aloud: “Today, you will read this passage about Monkeys.  Let’s begin by answering 3 questions about the passage. I’ll read each question and the 4 answer choices. Then, you will choose only 1 answer for each question.”",2. Which muscles in a monkey never rest?,"Teacher Directions to Read Aloud: “Today, you will read this passage about Monkeys.  Let’s begin by answering 3 questions about the passage. I’ll read each question and the 4 answer choices. Then, you will choose only 1 answer for each question.”: 2. Which muscles in a monkey never rest?
b. the smooth muscles
a. the skeletal muscles
d. the fiber muscles
c. the heart muscles","Original Text: Teacher Directions to Read Aloud: “Today, you will read this passage about Monkeys.  Let’s begin by answering 3 questions about the passage. I’ll read each question and the 4 answer choices. Then, you will choose only 1 answer for each question.”: 2. Which muscles in a monkey never rest?
b. the smooth muscles
a. the skeletal muscles
d. the fiber muscles
c. the heart muscles
The core task is to identify which specific type of monkey muscle functions continuously without rest based on the provided text.
This item measures the primary knowledge domain of **Biological Science (Anatomy)** and the skill of **Literal Reading Comprehension**.

**Justification:** The question requires the student to retrieve a specific factual detail regarding the function of cardiac muscles from the provided text.
This analysis evaluates the cognitive demand and structural complexity of the question regarding monkey muscle function.

**Cognitive Demand:**
This item requires **recall** of specific factual information from the text. It does not necessitate multi-step reasoning or synthesis, as it asks for a direct identification of a physiological trait.

**Structural and Semantic Elements:**
*   **Scientific Distractors:** The inclusion of ""smooth,"" ""skeletal,"" and ""fiber"" muscles requires the student to differentiate between specific biological terms, increasing the need for precise vocabulary recognition.
*   **Absolute Phrasing:** The use of the phrase ""never rest"" establishes a definitive condition that requires the student to match a unique functional attribute to the correct muscle type.
*   **Non-Sequential Labeling:** The answer choices are presented in a non-linear order (b, a, d, c), which slightly increases the visual scanning load and requires careful attention to selection.
To determine the level of the underlying latent trait required to correctly identify the heart as the muscle that never rests, this item necessitates a low to moderate level of domain-specific biological knowledge or basic listening comprehension. A respondent must possess the foundational understanding that cardiac muscles function involuntarily and continuously, or demonstrate the ability to recall this specific detail from the provided passage.","Original Text: Teacher Directions to Read Aloud: “Today, you will read this passage about Monkeys.  Let’s begin by answering 3 questions about the passage. I’ll read each question and the 4 answer choices. Then, you will choose only 1 answer for each question.”: 2. Which muscles in a monkey never rest?
b. the smooth muscles
a. the skeletal muscles
d. the fiber muscles
c. the heart muscles
The core task presented in this scenario requires a student to answer a multiple-choice reading comprehension question, administered via a teacher read-aloud, by identifying which type of monkey muscle never rests.
In identifying the primary knowledge domain, skill, clinical symptom, attitudinal belief, or psychological construct the provided text aims to assess, along with a concise justification:

**Primary Skill:** Reading Comprehension (Literal Recall)

**Justification:** The directions explicitly instruct the student to read a passage and answer questions based on that text, requiring the student to extract and identify a specific factual detail (which muscles never rest) directly from the reading material.
In analyzing the cognitive demand and structural complexity of this reading comprehension item:

This cognitive item requires direct recall and factual retrieval from the text. The cognitive load is increased by a structural anomaly: the answer choices are presented out of alphabetical sequence (b, a, d, c), which disrupts standard test-taking expectations and requires extra attention. Semantically, the absolute phrasing (""never rest"") requires precise text matching, while the distractors use specific anatomical vocabulary (""smooth,"" ""skeletal,"" ""fiber"") that demands careful discrimination.
Assessing the overall level of the underlying latent trait required to successfully answer this item indicates that a low level of cognitive ability and reading comprehension is needed, as it relies on simple factual recall from a provided passage.","Original Text: Teacher Directions to Read Aloud: “Today, you will read this passage about Monkeys.  Let’s begin by answering 3 questions about the passage. I’ll read each question and the 4 answer choices. Then, you will choose only 1 answer for each question.”: 2. Which muscles in a monkey never rest?
b. the smooth muscles
a. the skeletal muscles
d. the fiber muscles
c. the heart muscles
The item asks the student to identify which type of monkey muscles never rest by choosing the correct answer from four options.
This item is measuring **reading comprehension of a science passage**, specifically **recall of factual information** from text. The question asks the student to identify which type of monkey muscle “never rest,” so it primarily assesses **content understanding and retrieval**, not a clinical symptom or psychological construct.
This is a low-demand recall item: it mainly requires remembering a fact from the passage, not multi-step reasoning or synthesis. The wording is straightforward, with no strong emotional language or conditional logic. The only mild cognitive load comes from the distractors, which are plausible-sounding muscle types, but the correct answer should be identifiable by simple recall.
This item requires a very low level of the underlying trait, since it is a straightforward reading-comprehension question with an obvious correct answer for a respondent who can identify the relevant detail in the passage.","Original Text: Teacher Directions to Read Aloud: “Today, you will read this passage about Monkeys.  Let’s begin by answering 3 questions about the passage. I’ll read each question and the 4 answer choices. Then, you will choose only 1 answer for each question.”: 2. Which muscles in a monkey never rest?
b. the smooth muscles
a. the skeletal muscles
d. the fiber muscles
c. the heart muscles
The item asks the student to identify which monkey muscles never rest by choosing the correct answer from four options.
This item is measuring **reading comprehension / factual recall from an informational passage**. It asks the student to identify a specific detail (“which muscles in a monkey never rest?”) from a passage, indicating understanding and recall of explicitly stated content rather than a broader attitude, symptom, or psychological construct.
This item asks for simple factual recall from the passage, not multi-step reasoning or synthesis. Demand is low: the student identifies which muscle type “never rest.”

Cognitive load is slightly increased by:
- Unusual answer order: choices are listed b, a, d, c.
- Similar scientific terms: “smooth,” “skeletal,” and “heart” muscles can be confusable.
- One implausible distractor: “fiber muscles” is not a standard category, so it mainly tests recognition.
- Minor wording issue: “Which muscles… never rest?” requires linking the plural noun to the correct muscle type.
This asks for the latent trait level needed to answer the item correctly: it appears low, requiring only basic reading comprehension and recall of an explicitly stated fact, so a respondent with below-average to average ability on the underlying trait would likely succeed.",0.8045877030537669,1.0944332536944914,-1.569318912409877,0.25366631203392664,-3.0,0.13797530361188998,-1.4768956141072929,0.5917037821212687,1.05926273113838,-0.11005716941676917,-0.11522829496303968,0.0358075760415197,1.0364563882602469,908.0,gilbert_meta_104
bg_know_q9,"Teacher Directions to Read Aloud: “Now you will read this passage about skyscrapers.  Let’s begin by answering 3 questions about the passage. I’ll read each question and the 4 answer choices. Then, you will choose only 1 answer for each question.”",3. The human body has many parts that work together. A group of related parts that work together is called a,"Teacher Directions to Read Aloud: “Now you will read this passage about skyscrapers.  Let’s begin by answering 3 questions about the passage. I’ll read each question and the 4 answer choices. Then, you will choose only 1 answer for each question.”: 3. The human body has many parts that work together. A group of related parts that work together is called a
a. system
c. command
d. skeletal
b. signal","Original Text: Teacher Directions to Read Aloud: “Now you will read this passage about skyscrapers.  Let’s begin by answering 3 questions about the passage. I’ll read each question and the 4 answer choices. Then, you will choose only 1 answer for each question.”: 3. The human body has many parts that work together. A group of related parts that work together is called a
a. system
c. command
d. skeletal
b. signal
Identify the specific term for a group of related parts that function together within the human body.
This item measures the primary knowledge domain of **Life Science (Biology)**, specifically focusing on the conceptual understanding of biological organization.

**Justification:** The question requires the student to identify the correct scientific terminology (""system"") used to describe a functional group of related parts within the human body, assessing foundational vocabulary and conceptual knowledge of anatomical structures.
This analysis evaluates the cognitive demand and structural complexity of the multiple-choice item defining a biological ""system.""

**Cognitive Demand**
The item requires basic **recall** of scientific terminology. It asks the student to identify a specific vocabulary word that matches a provided definition.

**Structural and Semantic Elements**
*   **Direct Definition:** The stem provides a literal definition, minimizing the need for inference or synthesis.
*   **Categorical Distractor:** The option ""skeletal"" serves as a specific example of the concept being defined, potentially confusing students who cannot distinguish between a general category and a specific instance.
*   **Non-Sequential Labeling:** The answer choices are listed out of alphabetical order (a, c, d, b), which increases the risk of clerical error without increasing the actual cognitive difficulty of the content.
*   **Simple Syntax:** The use of short, declarative sentences maintains a low linguistic threshold for comprehension.
To describe the level of the underlying latent trait required to correctly identify ""system"" as the term for a group of related parts working together, this item requires a **low level** of cognitive ability and foundational scientific literacy. The task involves basic vocabulary recognition and the retrieval of a common introductory concept, representing a primary stage of knowledge acquisition.","Original Text: Teacher Directions to Read Aloud: “Now you will read this passage about skyscrapers.  Let’s begin by answering 3 questions about the passage. I’ll read each question and the 4 answer choices. Then, you will choose only 1 answer for each question.”: 3. The human body has many parts that work together. A group of related parts that work together is called a
a. system
c. command
d. skeletal
b. signal
The objective is to provide a summary of the primary scenario and question within the provided text. The item presents a testing scenario where a teacher verbally directs students to complete a multiple-choice assessment, followed by a specific question asking the student to identify the vocabulary term for a group of related parts working together in the human body.
To determine the primary construct measured by the provided test item and justify this classification:

**Primary Knowledge Domain:** Academic Vocabulary / Science Vocabulary
**Justification:** The item requires the student to identify the correct terminology (""system"") that corresponds to the provided definition (""a group of related parts that work together"") within a biological context.
Evaluating the cognitive demand and structural elements that influence the difficulty of this assessment item:

This cognitive item requires simple recall of a vocabulary definition. The cognitive load is artificially increased by a contextual mismatch between the directions (which prime the student for a passage about ""skyscrapers"") and the question itself (which asks about the ""human body""). Additionally, the distractor ""skeletal"" serves as a tricky semantic lure closely associated with the human body, and the answer choices are formatted out of standard sequential order (a, c, d, b), introducing unnecessary visual friction.
Assessing the degree of the underlying latent trait necessary to correctly answer this item reveals that a low level of cognitive ability and basic vocabulary comprehension is required.","Original Text: Teacher Directions to Read Aloud: “Now you will read this passage about skyscrapers.  Let’s begin by answering 3 questions about the passage. I’ll read each question and the 4 answer choices. Then, you will choose only 1 answer for each question.”: 3. The human body has many parts that work together. A group of related parts that work together is called a
a. system
c. command
d. skeletal
b. signal
The item asks the student to identify the correct term for a group of related body parts that work together.
This item measures **basic science vocabulary/biology knowledge**, specifically understanding that a **group of related body parts working together is a “system.”** The question assesses recognition of a core life-science term rather than reading comprehension alone.
This is a low-demand recall item: it asks for a basic vocabulary definition, not multi-step reasoning or synthesis. Endorsement requires only knowing that a group of related body parts working together is a “system.” The main structural features are simple multiple-choice format and one plausible distractor set; there is no conditional logic, emotional wording, or deep introspection required.
This item requires a low level of the underlying trait: basic reading comprehension and simple vocabulary knowledge. A respondent only needs to recognize that a group of related body parts working together is a “system,” so strong endorsement or correct response reflects minimal cognitive demand rather than advanced ability.","Original Text: Teacher Directions to Read Aloud: “Now you will read this passage about skyscrapers.  Let’s begin by answering 3 questions about the passage. I’ll read each question and the 4 answer choices. Then, you will choose only 1 answer for each question.”: 3. The human body has many parts that work together. A group of related parts that work together is called a
a. system
c. command
d. skeletal
b. signal
The item asks students to identify that a group of body parts working together is called a system.
This item is measuring **basic science knowledge/vocabulary about the human body**, specifically understanding that related body parts working together form a **system**. The justification is that the question asks for recall of a core life science term rather than reading comprehension, attitude, or psychological functioning.
This asks for the item’s cognitive demand and any wording/features that affect difficulty. It is low demand: mainly simple factual recall/vocabulary (“group of related parts that work together” → “system”), with no multi-step reasoning or synthesis. Endorsement/severity is not applicable because this is a knowledge multiple-choice item, not a psychological item. Cognitive load is slightly raised by the classroom directions and by distractors that are semantically or domain-related (“skeletal”) or superficially plausible (“signal,” “command”), but the stem itself is straightforward, with no conditional logic, tricky syntax, or strong emotional wording.
This asks for the latent trait level needed to get this item right: it appears low. The item is very easy and requires only basic vocabulary and general knowledge about the human body, so successful responding would be expected even among respondents with relatively low levels of the underlying ability.",-3.0,0.12595614179481565,-3.0,0.11384841099923002,0.5983422540008165,0.950873068800182,-1.414621787309613,0.6157040748638115,1.8791280351937782,-0.21599948879811184,-0.33260872958336424,-0.22188353997829272,0.8010086443869684,772.0,gilbert_meta_104
bg_know_q3,"Teacher Directions to Read Aloud: “Today, you will read this passage about Monkeys.  Let’s begin by answering 3 questions about the passage. I’ll read each question and the 4 answer choices. Then, you will choose only 1 answer for each question.”",3. What does the heart muscle do?,"Teacher Directions to Read Aloud: “Today, you will read this passage about Monkeys.  Let’s begin by answering 3 questions about the passage. I’ll read each question and the 4 answer choices. Then, you will choose only 1 answer for each question.”: 3. What does the heart muscle do?
c. It moves skeletal muscles
d. It helps the body fight the flu
a. It controls the nervous system
b. It pumps oxygen to the brain","Original Text: Teacher Directions to Read Aloud: “Today, you will read this passage about Monkeys.  Let’s begin by answering 3 questions about the passage. I’ll read each question and the 4 answer choices. Then, you will choose only 1 answer for each question.”: 3. What does the heart muscle do?
c. It moves skeletal muscles
d. It helps the body fight the flu
a. It controls the nervous system
b. It pumps oxygen to the brain
The core task is to identify the primary physiological function of the heart muscle from a provided list of multiple-choice options.
This item aims to identify the primary knowledge domain or skill measured by the question regarding the function of the heart muscle.

**Primary Knowledge Domain: Human Anatomy and Physiology**

**Justification:** The item evaluates factual knowledge of the circulatory system by requiring the respondent to identify the specific physiological role of the heart muscle among various biological distractors.
This analysis evaluates the cognitive demand and structural complexity of the question regarding heart muscle function.

**Cognitive Level:** This item requires **recall** of basic biological facts or literal retrieval from the provided text.

**Structural/Semantic Elements:**
*   **Non-sequential Labeling:** The options are presented out of alphabetical order (c, d, a, b), which increases visual search time and minor cognitive friction.
*   **Functional Proxy:** Option (b) identifies the heart's function by its output (""pumps oxygen"") rather than its direct mechanical action (pumping blood), requiring a basic associative link.
*   **Categorical Distractors:** The distractors refer to distinct physiological systems (skeletal, immune, nervous), which simplifies the task by allowing for easy elimination of unrelated biological domains.
The level of the underlying latent trait—specifically basic biological knowledge or literal reading comprehension—required to correctly identify the function of the heart muscle is **low to moderate**. This item necessitates the ability to differentiate between the primary functions of major organ systems (circulatory, nervous, immune, and musculoskeletal) to recognize the heart's role in oxygen transport.","Original Text: Teacher Directions to Read Aloud: “Today, you will read this passage about Monkeys.  Let’s begin by answering 3 questions about the passage. I’ll read each question and the 4 answer choices. Then, you will choose only 1 answer for each question.”: 3. What does the heart muscle do?
c. It moves skeletal muscles
d. It helps the body fight the flu
a. It controls the nervous system
b. It pumps oxygen to the brain
The core task requested is to summarize the scenario and question presented in the text. In this scenario, a teacher verbally administers a multiple-choice assessment where the student must identify the biological function of the heart muscle from four options, following a reading passage ostensibly about monkeys.
To identify the primary domain, skill, or construct evaluated by the provided test item and justify this classification:

**Primary Skill/Domain:** Reading Comprehension (Factual Recall / Detail Retrieval) and Biological Science Knowledge. 

**Justification:** The directions explicitly require the student to read an informational passage and answer questions based on that text, demonstrating the ability to retrieve specific, factual details (the physiological function of the heart muscle) directly from the reading material.
In evaluating the cognitive demand and structural elements that affect the difficulty of this multiple-choice question, this ability item primarily requires basic recall of factual biological information. Structurally, the cognitive load is increased by the non-sequential ordering of the answer choices (c, d, a, b), which introduces a risk of selection error. Semantically, the distractors are plausible functions of other bodily systems, requiring precise differentiation, and there is a contextual mismatch between the stated passage topic (""Monkeys"") and the specific anatomical question that may cause momentary confusion.
Evaluating the overall level of the underlying latent trait—specifically basic cognitive ability and foundational science comprehension—required to successfully answer the item regarding the function of the heart muscle indicates that a low level of this trait is necessary.","Original Text: Teacher Directions to Read Aloud: “Today, you will read this passage about Monkeys.  Let’s begin by answering 3 questions about the passage. I’ll read each question and the 4 answer choices. Then, you will choose only 1 answer for each question.”: 3. What does the heart muscle do?
c. It moves skeletal muscles
d. It helps the body fight the flu
a. It controls the nervous system
b. It pumps oxygen to the brain
The item asks the student to identify the function of the heart muscle, with the correct idea being that it pumps oxygen-rich blood to the brain.
This item is measuring **reading comprehension of a science passage, specifically basic biology knowledge about the heart’s function**. The question asks the student to identify the correct function of the heart muscle from multiple choices, so it primarily assesses **content understanding in life science** rather than a clinical or psychological construct.
This is a low-demand recall item: it asks for a basic factual function of the heart muscle, not multi-step reasoning or synthesis. Endorsement is easy because the correct choice is straightforward and does not require a severe symptom, strong belief, or deep introspection. The main structural load comes from multiple-choice format and distractors that are semantically unrelated, with one plausible but still simple option.
This item requires very low latent trait level: only basic reading comprehension and simple passage-based recall are needed to identify that the heart pumps oxygen to the brain.","Original Text: Teacher Directions to Read Aloud: “Today, you will read this passage about Monkeys.  Let’s begin by answering 3 questions about the passage. I’ll read each question and the 4 answer choices. Then, you will choose only 1 answer for each question.”: 3. What does the heart muscle do?
c. It moves skeletal muscles
d. It helps the body fight the flu
a. It controls the nervous system
b. It pumps oxygen to the brain
The item asks the student to answer a multiple-choice comprehension question about what the heart muscle does after listening to the passage and answer choices.
This item is primarily measuring reading comprehension of informational text, specifically recall of a stated fact about basic body functions. The student must understand the question and answer choices and identify the function associated with the heart muscle from the passage, rather than demonstrate a clinical symptom, attitude, or psychological construct.
This item asks for basic factual recall about the function of the heart muscle. Demand is low: it does not require multi-step reasoning or synthesis.

Cognitive load is slightly increased by:
- Non-sequential answer order (c, d, a, b), which can disrupt scanning.
- Plausible distractors tied to real body functions (muscles, immune system, nervous system, brain), requiring discrimination.
- A semantic mismatch in the keyed idea: “heart muscle” actually pumps blood, not oxygen, so “It pumps oxygen to the brain” is imprecise and may confuse knowledgeable students.
The core ask is to characterize the latent trait level needed to get this item right. Based on the item, it appears to require a relatively low to low-moderate level of the underlying trait, since it assesses basic factual comprehension/knowledge rather than advanced reasoning or highly discriminating ability.",-0.5087342138241135,0.4668279240199107,-0.6070532761144554,0.4085969615433474,1.3859721154808238,1.500172902390235,2.5089160897800706,3.8303349007570504,0.9232577614955151,-0.07549953896794996,-0.07075998368535208,0.08735344157540927,1.0912823161053178,927.0,gilbert_meta_104
bg_know_q1,"Teacher Directions to Read Aloud: “Today, you will read this passage about Monkeys.  Let’s begin by answering 3 questions about the passage. I’ll read each question and the 4 answer choices. Then, you will choose only 1 answer for each question.”",1. Which muscles can you control?,"Teacher Directions to Read Aloud: “Today, you will read this passage about Monkeys.  Let’s begin by answering 3 questions about the passage. I’ll read each question and the 4 answer choices. Then, you will choose only 1 answer for each question.”: 1. Which muscles can you control?
c. the heart muscles
d. the fiber muscles
a. the skeletal muscles
b. the smooth muscles","Original Text: Teacher Directions to Read Aloud: “Today, you will read this passage about Monkeys.  Let’s begin by answering 3 questions about the passage. I’ll read each question and the 4 answer choices. Then, you will choose only 1 answer for each question.”: 1. Which muscles can you control?
c. the heart muscles
d. the fiber muscles
a. the skeletal muscles
b. the smooth muscles
The core task is to identify which specific type of muscle tissue is subject to voluntary control from a provided list of options.
This item measures the primary knowledge domain of **Human Anatomy**, specifically the classification of the muscular system. The question requires the respondent to differentiate between voluntary and involuntary muscles by identifying skeletal muscles as those under conscious control.
This analysis evaluates the cognitive demand and structural complexity of a multiple-choice question regarding muscle control.

**Demand:** This is a cognitive item requiring **recall** of physiological classifications (voluntary versus involuntary muscles).

**Structural and Semantic Elements:**
*   **Contextual Mismatch:** The introductory text references a passage about ""Monkeys,"" but the question requires general biological knowledge, creating a potential disconnect between the provided context and the required information.
*   **Technical Distractors:** The use of domain-specific terminology (*skeletal, smooth, heart*) necessitates precise vocabulary knowledge to differentiate muscle types.
*   **Non-linear Sequencing:** The options are presented in a non-alphabetical, non-sequential order (c, d, a, b), which increases the cognitive load during the selection process.
*   **Plausible Pseudo-term:** The inclusion of ""fiber muscles"" acts as a distractor that mimics scientific nomenclature, potentially confusing test-takers who recognize the word ""fiber"" in a biological context but lack specific knowledge of muscle categories.
To determine the level of the underlying latent trait required to correctly identify skeletal muscles as controllable, this item necessitates a **low-to-moderate level of foundational biological knowledge**. A respondent must possess basic scientific literacy regarding the functional classification of the muscular system, specifically the ability to differentiate between voluntary (skeletal) and involuntary (smooth and cardiac) muscle groups.","Original Text: Teacher Directions to Read Aloud: “Today, you will read this passage about Monkeys.  Let’s begin by answering 3 questions about the passage. I’ll read each question and the 4 answer choices. Then, you will choose only 1 answer for each question.”: 1. Which muscles can you control?
c. the heart muscles
d. the fiber muscles
a. the skeletal muscles
b. the smooth muscles
The objective is to summarize the primary scenario and question presented in the text. The item describes a classroom scenario where a teacher instructs students to complete a multiple-choice reading comprehension activity, specifically asking them to identify which type of muscle (skeletal, smooth, heart, or fiber) can be voluntarily controlled.
Determining the main measurement target of the provided text and the rationale for this classification:

**Primary Skill/Knowledge Domain:** Reading Comprehension (Information Retrieval) and Biological Science (Anatomy). 

**Justification:** The item evaluates a student's ability to read an informational passage and extract specific factual details regarding voluntary (skeletal) versus involuntary muscle types.
To evaluate the cognitive demand, reasoning level, and structural elements impacting the difficulty of the provided assessment item:

This cognitive item requires direct recall of factual biological knowledge. The cognitive load is increased by a semantic disconnect between the directions (referencing a passage about monkeys) and the question (general anatomy), as well as a structural irregularity where the answer choices are presented out of standard alphabetical order (c, d, a, b). Furthermore, the distractors use plausible anatomical terminology (""heart,"" ""smooth,"" ""fiber""), requiring precise vocabulary discrimination to successfully endorse the correct answer.
Regarding the magnitude of the underlying latent trait necessary to correctly answer this item, a low to moderate level of reading comprehension and basic biological knowledge is required, as the respondent must simply recall or locate explicit factual information from the provided passage.","Original Text: Teacher Directions to Read Aloud: “Today, you will read this passage about Monkeys.  Let’s begin by answering 3 questions about the passage. I’ll read each question and the 4 answer choices. Then, you will choose only 1 answer for each question.”: 1. Which muscles can you control?
c. the heart muscles
d. the fiber muscles
a. the skeletal muscles
b. the smooth muscles
The task is to identify which type of muscles are under voluntary control by choosing the correct answer from the given options.
This item is measuring **basic biology/anatomy knowledge about muscle types**, specifically the ability to identify **voluntary skeletal muscles** as the muscles under conscious control. The correct choice reflects understanding of the distinction between skeletal, smooth, and heart muscle.
This is a low-demand recall item: it asks for a straightforward factual identification of which muscle type is under voluntary control. Endorsement does not require severe symptom level, strong belief, or deep introspection. The main load comes from basic content knowledge and a simple multiple-choice format; there is little structural complexity beyond needing to distinguish among similar-sounding distractors (skeletal, smooth, heart, fiber).
This item requires a low level of the underlying trait: basic reading comprehension and recall of elementary science knowledge, specifically recognizing that skeletal muscles are under voluntary control.","Original Text: Teacher Directions to Read Aloud: “Today, you will read this passage about Monkeys.  Let’s begin by answering 3 questions about the passage. I’ll read each question and the 4 answer choices. Then, you will choose only 1 answer for each question.”: 1. Which muscles can you control?
c. the heart muscles
d. the fiber muscles
a. the skeletal muscles
b. the smooth muscles
The item asks students, after hearing directions and answer choices read aloud, to identify which type of muscles people can consciously control.
This item is primarily measuring **reading comprehension / receptive language for science-related vocabulary**, specifically understanding a factual statement about **types of muscles**. The student must comprehend the orally presented question and answer choices, then identify the correct factual category (“skeletal muscles”), so it assesses basic content knowledge embedded in a multiple-choice listening/reading task.
This item asks for basic factual identification from a small set of options. Demand is low: it primarily requires simple recall/recognition, not multi-step reasoning or synthesis.

Cognitive load is slightly increased by:
- nonstandard answer order (c, d, a, b), which can disrupt scanning
- similar scientific terms across choices, creating mild distractor interference
- classroom directions plus the question, adding extra verbal load before the actual task

No conditional logic or strong emotional wording is present, and there is no endorsement threshold since this is not an attitudinal item.
This item appears to require a relatively low underlying latent trait level. It assesses recognition of a basic factual distinction—identifying skeletal muscles as the ones under voluntary control—so a respondent would not need especially high ability or extreme endorsement tendency to answer it correctly.",2.1605194231516798,2.884972054723945,1.0834427818171637,1.2889175951801457,1.6777836437935312,1.959901806024998,1.8582775783163354,2.8031850100853024,0.43397307440407323,-1.8003325879747898,-0.8520145824581085,-0.8136199285187676,0.4432506229923252,608.0,gilbert_meta_104
bg_know_q7,"Teacher Directions to Read Aloud: “Now you will read this passage about skyscrapers.  Let’s begin by answering 3 questions about the passage. I’ll read each question and the 4 answer choices. Then, you will choose only 1 answer for each question.”",1. Which human body system is like a computer?,"Teacher Directions to Read Aloud: “Now you will read this passage about skyscrapers.  Let’s begin by answering 3 questions about the passage. I’ll read each question and the 4 answer choices. Then, you will choose only 1 answer for each question.”: 1. Which human body system is like a computer?
a. the muscular system
c. the nervous system
d. the respiratory system
b. the skeletal system","Original Text: Teacher Directions to Read Aloud: “Now you will read this passage about skyscrapers.  Let’s begin by answering 3 questions about the passage. I’ll read each question and the 4 answer choices. Then, you will choose only 1 answer for each question.”: 1. Which human body system is like a computer?
a. the muscular system
c. the nervous system
d. the respiratory system
b. the skeletal system
The core task is to identify which human body system functions analogously to a computer from a list of four options.
This item measures the primary knowledge domain of **Human Anatomy and Physiology**. The question assesses a student's understanding of the nervous system's function by requiring them to identify its role as the body's central processing and control unit through a functional analogy to a computer.
This analysis evaluates the cognitive demand and structural complexity of the multiple-choice question comparing a human body system to a computer.

**Cognitive Level**
This item requires **recall** of a standard functional analogy or specific information provided in the accompanying passage. It does not necessitate multi-step reasoning or synthesis.

**Structural and Semantic Elements**
*   **Analogy-Based Phrasing:** The use of a simile (""like a computer"") requires the test-taker to map the abstract concept of information processing to biological functions.
*   **Non-Sequential Option Labeling:** The answer choices are listed out of alphabetical order (a, c, d, b), which increases cognitive load by disrupting standard scanning patterns and increasing the risk of clerical error.
*   **Domain-Specific Vocabulary:** The item relies on the student’s ability to differentiate between four distinct anatomical systems.
The level of the underlying latent trait required to successfully answer this item is low to moderate cognitive ability and foundational scientific literacy. A respondent must possess basic knowledge of human anatomy and the functional capacity to apply a technological analogy, specifically mapping the control and processing functions of a computer to the nervous system.","Original Text: Teacher Directions to Read Aloud: “Now you will read this passage about skyscrapers.  Let’s begin by answering 3 questions about the passage. I’ll read each question and the 4 answer choices. Then, you will choose only 1 answer for each question.”: 1. Which human body system is like a computer?
a. the muscular system
c. the nervous system
d. the respiratory system
b. the skeletal system
To summarize the primary scenario and question within the provided text: The item presents a scenario where a teacher instructs a student to answer multiple-choice questions about a reading passage on skyscrapers, followed by a mismatched task asking the student to identify which human body system functions like a computer.
In determining the primary knowledge domain, skill, symptom, belief, or construct assessed by the provided item and justifying this classification:

**Primary Knowledge Domain:** Biology / Life Science (Human Anatomy)

**Justification:** Although the teacher directions erroneously reference a passage about skyscrapers, the specific question evaluates a student's understanding of human body systems by requiring them to identify the nervous system as the biological equivalent of a computer's information-processing function.
In analyzing the cognitive demand and structural elements that affect the difficulty of this test item:

This cognitive item requires synthesis and analogical reasoning to map the processing function of a computer to the human nervous system. The cognitive load is significantly increased by two structural anomalies: a severe semantic mismatch between the teacher directions (which introduce a passage about ""skyscrapers"") and the actual question (which asks about the ""human body""), as well as the non-sequential lettering of the answer choices (a, c, d, b).
Evaluating the degree of the underlying latent trait necessary to correctly answer this question indicates that a low to moderate level of cognitive ability and reading comprehension is required to identify the nervous system as the correct analogy for a computer.","Original Text: Teacher Directions to Read Aloud: “Now you will read this passage about skyscrapers.  Let’s begin by answering 3 questions about the passage. I’ll read each question and the 4 answer choices. Then, you will choose only 1 answer for each question.”: 1. Which human body system is like a computer?
a. the muscular system
c. the nervous system
d. the respiratory system
b. the skeletal system
The item asks the student to answer a multiple-choice reading question about skyscrapers, specifically identifying which human body system is compared to a computer.
This item is measuring **reading comprehension of a short informational passage, specifically recall and application of a comparison made in the text**. The question asks the student to identify which body system is likened to a computer, so it primarily assesses **basic science reading comprehension and text-based inference** rather than standalone biology knowledge.
This is a low-severity, low-demand recall item. It mainly requires simple recognition of a passage detail, not multi-step reasoning or synthesis. The wording is straightforward, with no strong emotional language, conditional logic, or tricky distractors beyond the need to identify the correct body system from the choices.
This item requires a low level of the underlying trait: basic reading comprehension and simple passage-based reasoning, with no strong cognitive demand beyond identifying the correct analogy from the text.","Original Text: Teacher Directions to Read Aloud: “Now you will read this passage about skyscrapers.  Let’s begin by answering 3 questions about the passage. I’ll read each question and the 4 answer choices. Then, you will choose only 1 answer for each question.”: 1. Which human body system is like a computer?
a. the muscular system
c. the nervous system
d. the respiratory system
b. the skeletal system
The item asks students to listen to directions and then answer a multiple-choice question identifying which human body system is like a computer.
This item is measuring **listening/reading comprehension of orally presented academic content, specifically basic science knowledge about human body systems**. It asks the student to identify which body system is analogous to a computer, so success depends on recognizing the **nervous system** as the system that processes and transmits information.
This item asks for simple factual recall/recognition, not multi-step reasoning or synthesis. The demand is low: the respondent only needs to identify that the nervous system is analogous to a computer.

Cognitive load is slightly increased by:
- multiple-choice format with 4 same-category distractors (all body systems)
- nonstandard answer order (a, c, d, b), which may mildly disrupt scanning
- comparison wording (“is like a computer”), which requires recognizing an analogy rather than recalling a direct definition

There is no conditional logic, complex phrasing, or high threshold for endorsement.
This item appears to require a relatively low underlying level of the latent trait. It is a basic reading-comprehension and factual-recall question with clearly distinct answer choices, so a respondent would likely only need modest cognitive ability or academic skill to answer it correctly.",1.2060518763751915,1.4037134583120403,2.6667445990705865,4.140854883984459,2.261560423526909,3.011807115078636,1.8953446210491292,2.8672634719087786,1.6243534564185163,0.41566655133678093,0.6009626437081186,0.8575994185605076,2.3574945377614163,1143.0,gilbert_meta_104
bg_know_q4,"Teacher Directions to Read Aloud: “Now, you will read this passage about birds.  Let’s begin by answering 3 questions about the passage. I’ll read each question and the 4 answer choices. Then, you will choose only 1 answer for each question.”",1. Which system works with your muscles to help your body move?,"Teacher Directions to Read Aloud: “Now, you will read this passage about birds.  Let’s begin by answering 3 questions about the passage. I’ll read each question and the 4 answer choices. Then, you will choose only 1 answer for each question.”: 1. Which system works with your muscles to help your body move?
c. Your nervous system
b. Your digestive system
a. Your immune system
d. Your skeletal system","Original Text: Teacher Directions to Read Aloud: “Now, you will read this passage about birds.  Let’s begin by answering 3 questions about the passage. I’ll read each question and the 4 answer choices. Then, you will choose only 1 answer for each question.”: 1. Which system works with your muscles to help your body move?
c. Your nervous system
b. Your digestive system
a. Your immune system
d. Your skeletal system
The core task is to identify the biological system that works in conjunction with muscles to facilitate body movement from a list of four options.
This item measures the primary knowledge domain of **Human Anatomy and Physiology**. The question assesses the respondent's ability to identify the functional relationship between the muscular and skeletal systems in facilitating bodily movement.
This analysis evaluates the cognitive demand and structural complexity of the multiple-choice question regarding the interaction of human body systems.

**Cognitive Demand**
This item requires **recall** of foundational biological facts. It asks the student to identify a specific functional relationship between anatomical systems without requiring multi-step reasoning or synthesis of new information.

**Structural and Semantic Elements**
*   **Plausible Distractor:** The inclusion of the ""nervous system"" increases cognitive load, as it requires the student to distinguish between the system that *signals* movement (nervous) and the system that provides the *structural framework* for movement (skeletal).
*   **Direct Phrasing:** The use of a simple interrogative sentence minimizes linguistic complexity, keeping the focus on factual retrieval.
*   **Categorical Selection:** The requirement to choose ""only 1 answer"" from four distinct biological systems tests the ability to isolate primary functions from secondary interactions.
To determine the level of the underlying latent trait required to identify the skeletal system as the partner to muscles for movement, this item necessitates a **low to moderate level of foundational scientific knowledge**. The task requires basic conceptual recall of human anatomy and the functional relationship between physiological systems. Because the item is administered via read-aloud, it demands minimal reading literacy, focusing instead on auditory comprehension and the retrieval of elementary biological facts.","Original Text: Teacher Directions to Read Aloud: “Now, you will read this passage about birds.  Let’s begin by answering 3 questions about the passage. I’ll read each question and the 4 answer choices. Then, you will choose only 1 answer for each question.”: 1. Which system works with your muscles to help your body move?
c. Your nervous system
b. Your digestive system
a. Your immune system
d. Your skeletal system
In summarizing the primary task and scenario of the provided text: The item presents a testing situation where a teacher verbally instructs a student to complete a multiple-choice assessment, followed by a specific question requiring the student to identify which biological system (nervous, digestive, immune, or skeletal) works with muscles to enable physical movement.
The objective is to classify the underlying target of assessment for the provided test question and explain the reasoning.

**Primary Knowledge Domain:** Biology / Anatomy 

**Justification:** The question directly tests factual recall of physiological body systems, specifically requiring the identification of the skeletal system as the anatomical structure that interacts with the muscular system to facilitate physical movement.
In evaluating the cognitive demand and structural elements that influence the difficulty of this item:

This cognitive item requires basic factual recall of biological systems. The cognitive load is artificially increased by a severe contextual mismatch between the directions (introducing a passage about ""birds"") and the question (asking about ""your body""). Additionally, the non-sequential labeling of the answer choices (c, b, a, d) introduces structural confusion. ""Nervous system"" serves as a tricky distractor, as it is involved in motor signaling, though the ""skeletal system"" is the standard paired system for physical movement.
Assessing the overall level of the underlying latent trait—specifically, cognitive ability and foundational science knowledge—required to successfully answer this item reveals that a low to moderate level is needed, as it relies on basic recall of elementary-level biology regarding the skeletal system's role in movement.","Original Text: Teacher Directions to Read Aloud: “Now, you will read this passage about birds.  Let’s begin by answering 3 questions about the passage. I’ll read each question and the 4 answer choices. Then, you will choose only 1 answer for each question.”: 1. Which system works with your muscles to help your body move?
c. Your nervous system
b. Your digestive system
a. Your immune system
d. Your skeletal system
The item asks the student to identify which body system works with the muscles to help the body move, choosing the correct answer from four options.
This item is measuring **basic science knowledge, specifically understanding of human body systems**. It asks the student to identify which body system works with muscles to produce movement, which is a straightforward content-recall question about the **skeletal system**.
This is a low-severity, straightforward recall item. It mainly requires basic factual knowledge about body systems, not multi-step reasoning or synthesis. The wording is simple and direct, with no strong emotional language or conditional logic. The only modest cognitive load comes from the multiple-choice distractors, which are plausible but not especially tricky.
This item requires a low level of the underlying trait: basic reading comprehension and elementary science knowledge, specifically recognizing that the skeletal system works with muscles to enable movement.","Original Text: Teacher Directions to Read Aloud: “Now, you will read this passage about birds.  Let’s begin by answering 3 questions about the passage. I’ll read each question and the 4 answer choices. Then, you will choose only 1 answer for each question.”: 1. Which system works with your muscles to help your body move?
c. Your nervous system
b. Your digestive system
a. Your immune system
d. Your skeletal system
The item asks the student to listen to a read-aloud multiple-choice question and identify which body system works with muscles to help the body move.
This item is primarily measuring science knowledge, specifically understanding of human body systems and their functions. It targets whether the respondent knows that the skeletal system works with muscles to enable body movement.
This item asks for basic factual recall, not multi-step reasoning or synthesis. The demand is low: the respondent must know that the skeletal system works with muscles to help the body move. Cognitive load is slightly increased by the multiple-choice format and the answer choices being presented out of alphabetical/order sequence, which can mildly disrupt scanning. The wording of the question itself is straightforward, with no conditional logic, tricky phrasing, or emotional/endorsement threshold.
This item appears to require a relatively low to moderate level of the underlying latent trait—here, basic reading comprehension and elementary science knowledge. A respondent would not need especially high ability, but would need enough general academic skill to understand the passage/question format and know that the skeletal system works with muscles to help the body move.",0.678279931205537,0.9861180834560394,1.3696897714248966,1.5630447143709754,3.0,5.34000500298179,3.0,5.222468290134798,1.6270838952488946,-0.3101633447189416,-0.44316263720346255,-0.3444514578856471,0.708608948728608,756.0,gilbert_meta_104
