id,BT_Score_Bipartite,BT_Strength_Bipartite,BT_Total_Wins
1,0.21170679820826285,1.235785497432696,22.0
2,-0.7849487664649734,0.45614307100899587,15.0
3,1.6965067218652494,5.454858731404329,30.0
4,0.5220464313832262,1.685473328338629,24.0
5,-0.36432495997389214,0.6946654196043375,18.0
6,1.2424529536171787,3.4641003289973566,28.0
7,1.4579384092855996,4.297091546380481,29.0
8,-2.2838821301173056,0.10188789587897067,6.0
9,1.9664257563193737,7.145092492177396,31.0
10,-0.08117678708768204,0.9220306739177403,20.0
11,-1.8793920334448018,0.15268290364398573,8.0
12,0.21170679820826285,1.235785497432696,22.0
13,-1.2204729367824145,0.29509057473054073,12.0
14,0.6868592774739515,1.987463648813542,25.0
15,-2.072052108968005,0.12592710024282022,7.0
16,1.9664257563193737,7.145092492177396,31.0
17,0.063608065715883,1.0656746424722479,21.0
18,1.9664257563193737,7.145092492177396,31.0
19,-0.7849487664649734,0.45614307100899587,15.0
20,1.9664257563193737,7.145092492177396,31.0
21,-2.072052108968005,0.12592710024282022,7.0
22,0.3641291283852894,1.439260051485811,23.0
23,2.664922496154055,14.366836017800509,33.0
24,1.9664257563193737,7.145092492177396,31.0
25,1.9664257563193737,7.145092492177396,31.0
26,2.2810959455848847,9.787400992773454,32.0
27,-0.36432495997389214,0.6946654196043375,18.0
28,-0.5042994251732074,0.6039285243774087,17.0
29,1.4579384092855996,4.297091546380481,29.0
30,-0.7849487664649734,0.45614307100899587,15.0
31,-0.7849487664649734,0.45614307100899587,15.0
32,0.3641291283852894,1.439260051485811,23.0
33,-0.7849487664649734,0.45614307100899587,15.0
34,-2.800741100494121,0.06076501295298796,4.0
35,1.2424529536171787,3.4641003289973566,28.0
36,-0.22354591441063024,0.7996781742726036,19.0
37,0.063608065715883,1.0656746424722479,21.0
38,1.6965067218652494,5.454858731404329,30.0
39,0.8602925142494593,2.363852052993758,26.0
40,-0.9272534536031524,0.39563885996788833,14.0
41,0.6868592774739515,1.987463648813542,25.0
42,0.8602925142494593,2.363852052993758,26.0
43,1.6965067218652494,5.454858731404329,30.0
44,-1.7009196905741106,0.18251558897360975,9.0
45,-0.7849487664649734,0.45614307100899587,15.0
46,0.3641291283852894,1.439260051485811,23.0
47,1.9664257563193737,7.145092492177396,31.0
48,0.6868592774739515,1.987463648813542,25.0
49,1.0445348234182124,2.84207614883862,27.0
50,0.6868592774739515,1.987463648813542,25.0
51,-1.0720787417970585,0.3422962318621723,13.0
52,1.2424529536171787,3.4641003289973566,28.0
53,-1.3736717470917938,0.25317565386882657,11.0
54,0.063608065715883,1.0656746424722479,21.0
55,1.2424529536171787,3.4641003289973566,28.0
56,-0.36432495997389214,0.6946654196043375,18.0
57,-1.8793920334448018,0.15268290364398573,8.0
58,-0.22354591441063024,0.7996781742726036,19.0
59,1.2424529536171787,3.4641003289973566,28.0
60,-1.0720787417970585,0.3422962318621723,13.0
61,-0.7849487664649734,0.45614307100899587,15.0
62,1.6965067218652494,5.454858731404329,30.0
63,1.4579384092855996,4.297091546380481,29.0
64,-1.8793920334448018,0.15268290364398573,8.0
65,2.2810959455848847,9.787400992773454,32.0
66,1.0445348234182124,2.84207614883862,27.0
67,0.8602925142494593,2.363852052993758,26.0
68,1.9664257563193737,7.145092492177396,31.0
69,-0.5042994251732074,0.6039285243774087,17.0
70,0.3641291283852894,1.439260051485811,23.0
71,-1.5331839646290706,0.2158473218257035,10.0
72,-1.7009196905741106,0.18251558897360975,9.0
73,-0.22354591441063024,0.7996781742726036,19.0
74,0.3641291283852894,1.439260051485811,23.0
75,1.0445348234182124,2.84207614883862,27.0
76,0.063608065715883,1.0656746424722479,21.0
77,-0.36432495997389214,0.6946654196043375,18.0
78,-0.22354591441063024,0.7996781742726036,19.0
79,-0.36432495997389214,0.6946654196043375,18.0
80,-0.22354591441063024,0.7996781742726036,19.0
81,-0.36432495997389214,0.6946654196043375,18.0
82,1.2424529536171787,3.4641003289973566,28.0
83,0.6868592774739515,1.987463648813542,25.0
84,3.171606546451296,23.845762925852654,34.0
85,-0.6442435961484877,0.5250595490040308,16.0
86,1.0445348234182124,2.84207614883862,27.0
87,0.21170679820826285,1.235785497432696,22.0
88,-1.3736717470917938,0.25317565386882657,11.0
89,0.21170679820826285,1.235785497432696,22.0
90,-2.5225323510385604,0.08025611254894051,5.0
91,-0.9272534536031524,0.39563885996788833,14.0
92,3.171606546451296,23.845762925852654,34.0
93,0.3641291283852894,1.439260051485811,23.0
94,-27.631021364109618,9.999997518189615e-13,0.0
95,0.21170679820826285,1.235785497432696,22.0
96,-2.072052108968005,0.12592710024282022,7.0
97,0.5220464313832262,1.685473328338629,24.0
98,-2.072052108968005,0.12592710024282022,7.0
99,1.4579384092855996,4.297091546380481,29.0
100,-0.5042994251732074,0.6039285243774087,17.0
101,1.4579384092855996,4.297091546380481,29.0
102,1.2424529536171787,3.4641003289973566,28.0
103,-0.08117678708768204,0.9220306739177403,20.0
104,1.0445348234182124,2.84207614883862,27.0
105,-0.08117678708768204,0.9220306739177403,20.0
106,-1.5331839646290706,0.2158473218257035,10.0
107,1.0445348234182124,2.84207614883862,27.0
108,0.063608065715883,1.0656746424722479,21.0
109,-0.22354591441063024,0.7996781742726036,19.0
110,-1.3736717470917938,0.25317565386882657,11.0
111,1.9664257563193737,7.145092492177396,31.0
112,-0.9272534536031524,0.39563885996788833,14.0
113,0.3641291283852894,1.439260051485811,23.0
114,1.2424529536171787,3.4641003289973566,28.0
115,2.664922496154055,14.366836017800509,33.0
116,-0.9272534536031524,0.39563885996788833,14.0
117,-1.2204729367824145,0.29509057473054073,12.0
118,1.2424529536171787,3.4641003289973566,28.0
119,0.063608065715883,1.0656746424722479,21.0
120,3.171606546451296,23.845762925852654,34.0
121,0.5220464313832262,1.685473328338629,24.0
122,0.8602925142494593,2.363852052993758,26.0
123,-2.2838821301173056,0.10188789587897067,6.0
124,2.2810959455848847,9.787400992773454,32.0
125,1.9664257563193737,7.145092492177396,31.0
126,-0.22354591441063024,0.7996781742726036,19.0
127,3.9710278283812284,53.03901784108567,35.0
128,-1.2204729367824145,0.29509057473054073,12.0
129,1.2424529536171787,3.4641003289973566,28.0
130,0.6868592774739515,1.987463648813542,25.0
131,-0.36432495997389214,0.6946654196043375,18.0
132,0.063608065715883,1.0656746424722479,21.0
133,-1.8793920334448018,0.15268290364398573,8.0
134,-0.5042994251732074,0.6039285243774087,17.0
135,-0.7849487664649734,0.45614307100899587,15.0
136,-1.0720787417970585,0.3422962318621723,13.0
137,-1.2204729367824145,0.29509057473054073,12.0
138,1.6965067218652494,5.454858731404329,30.0
139,0.21170679820826285,1.235785497432696,22.0
140,1.9664257563193737,7.145092492177396,31.0
141,-0.9272534536031524,0.39563885996788833,14.0
142,0.063608065715883,1.0656746424722479,21.0
143,-1.7009196905741106,0.18251558897360975,9.0
144,1.9664257563193737,7.145092492177396,31.0
145,1.6965067218652494,5.454858731404329,30.0
146,3.9710278283812284,53.03901784108567,35.0
147,-0.08117678708768204,0.9220306739177403,20.0
148,0.6868592774739515,1.987463648813542,25.0
149,-0.36432495997389214,0.6946654196043375,18.0
150,0.063608065715883,1.0656746424722479,21.0
151,1.4579384092855996,4.297091546380481,29.0
152,1.0445348234182124,2.84207614883862,27.0
153,-1.8793920334448018,0.15268290364398573,8.0
154,-0.36432495997389214,0.6946654196043375,18.0
155,0.6868592774739515,1.987463648813542,25.0
156,-1.5331839646290706,0.2158473218257035,10.0
157,-0.36432495997389214,0.6946654196043375,18.0
158,-0.08117678708768204,0.9220306739177403,20.0
159,-0.22354591441063024,0.7996781742726036,19.0
160,0.21170679820826285,1.235785497432696,22.0
161,-0.7849487664649734,0.45614307100899587,15.0
162,-1.2204729367824145,0.29509057473054073,12.0
163,-0.5042994251732074,0.6039285243774087,17.0
164,1.0445348234182124,2.84207614883862,27.0
165,-2.072052108968005,0.12592710024282022,7.0
166,-0.5042994251732074,0.6039285243774087,17.0
167,-2.5225323510385604,0.08025611254894051,5.0
168,0.21170679820826285,1.235785497432696,22.0
169,0.5220464313832262,1.685473328338629,24.0
170,1.9664257563193737,7.145092492177396,31.0
171,0.5220464313832262,1.685473328338629,24.0
172,-2.2838821301173056,0.10188789587897067,6.0
173,1.6965067218652494,5.454858731404329,30.0
174,2.2810959455848847,9.787400992773454,32.0
175,2.664922496154055,14.366836017800509,33.0
176,-0.5042994251732074,0.6039285243774087,17.0
177,0.21170679820826285,1.235785497432696,22.0
178,1.6965067218652494,5.454858731404329,30.0
179,0.063608065715883,1.0656746424722479,21.0
180,-0.08117678708768204,0.9220306739177403,20.0
181,0.063608065715883,1.0656746424722479,21.0
182,0.063608065715883,1.0656746424722479,21.0
183,-0.5042994251732074,0.6039285243774087,17.0
184,-0.36432495997389214,0.6946654196043375,18.0
185,0.6868592774739515,1.987463648813542,25.0
186,-0.7849487664649734,0.45614307100899587,15.0
187,-0.36432495997389214,0.6946654196043375,18.0
188,1.0445348234182124,2.84207614883862,27.0
189,-1.7009196905741106,0.18251558897360975,9.0
190,2.2810959455848847,9.787400992773454,32.0
191,0.5220464313832262,1.685473328338629,24.0
192,-0.36432495997389214,0.6946654196043375,18.0
193,1.9664257563193737,7.145092492177396,31.0
194,-0.5042994251732074,0.6039285243774087,17.0
195,-2.2838821301173056,0.10188789587897067,6.0
196,0.8602925142494593,2.363852052993758,26.0
197,0.5220464313832262,1.685473328338629,24.0
198,-1.8793920334448018,0.15268290364398573,8.0
199,-1.3736717470917938,0.25317565386882657,11.0
200,-0.9272534536031524,0.39563885996788833,14.0
201,0.5220464313832262,1.685473328338629,24.0
202,0.063608065715883,1.0656746424722479,21.0
203,0.063608065715883,1.0656746424722479,21.0
204,0.8602925142494593,2.363852052993758,26.0
205,0.21170679820826285,1.235785497432696,22.0
206,0.21170679820826285,1.235785497432696,22.0
207,0.063608065715883,1.0656746424722479,21.0
208,-1.0720787417970585,0.3422962318621723,13.0
209,2.2810959455848847,9.787400992773454,32.0
210,0.6868592774739515,1.987463648813542,25.0
211,0.6868592774739515,1.987463648813542,25.0
212,-0.22354591441063024,0.7996781742726036,19.0
213,-1.8793920334448018,0.15268290364398573,8.0
214,0.6868592774739515,1.987463648813542,25.0
215,-0.9272534536031524,0.39563885996788833,14.0
216,-0.7849487664649734,0.45614307100899587,15.0
217,-0.36432495997389214,0.6946654196043375,18.0
218,-1.0720787417970585,0.3422962318621723,13.0
219,-0.9272534536031524,0.39563885996788833,14.0
220,-1.7009196905741106,0.18251558897360975,9.0
221,0.21170679820826285,1.235785497432696,22.0
222,-1.7009196905741106,0.18251558897360975,9.0
223,1.2424529536171787,3.4641003289973566,28.0
224,0.3641291283852894,1.439260051485811,23.0
225,0.6868592774739515,1.987463648813542,25.0
226,1.4579384092855996,4.297091546380481,29.0
227,1.4579384092855996,4.297091546380481,29.0
228,2.664922496154055,14.366836017800509,33.0
229,0.21170679820826285,1.235785497432696,22.0
230,-0.08117678708768204,0.9220306739177403,20.0
231,0.8602925142494593,2.363852052993758,26.0
232,0.21170679820826285,1.235785497432696,22.0
233,0.3641291283852894,1.439260051485811,23.0
234,0.5220464313832262,1.685473328338629,24.0
235,1.9664257563193737,7.145092492177396,31.0
236,-0.9272534536031524,0.39563885996788833,14.0
237,-0.8168669707973492,0.4418137036109398,9.0
238,0.5220464313832262,1.685473328338629,24.0
239,-0.5042994251732074,0.6039285243774087,17.0
240,0.8602925142494593,2.363852052993758,26.0
241,1.0445348234182124,2.84207614883862,27.0
242,1.9664257563193737,7.145092492177396,31.0
243,0.063608065715883,1.0656746424722479,21.0
244,1.4579384092855996,4.297091546380481,29.0
245,0.063608065715883,1.0656746424722479,21.0
246,-0.36432495997389214,0.6946654196043375,18.0
247,-0.36432495997389214,0.6946654196043375,18.0
248,-0.36432495997389214,0.6946654196043375,18.0
249,-1.0720787417970585,0.3422962318621723,13.0
250,-1.2204729367824145,0.29509057473054073,12.0
251,-0.08117678708768204,0.9220306739177403,20.0
252,-0.9272534536031524,0.39563885996788833,14.0
253,-1.5331839646290706,0.2158473218257035,10.0
254,-1.3736717470917938,0.25317565386882657,11.0
255,0.21170679820826285,1.235785497432696,22.0
256,1.2424529536171787,3.4641003289973566,28.0
257,0.21170679820826285,1.235785497432696,22.0
258,1.4579384092855996,4.297091546380481,29.0
259,0.063608065715883,1.0656746424722479,21.0
260,0.5220464313832262,1.685473328338629,24.0
261,-0.7849487664649734,0.45614307100899587,15.0
262,-0.36432495997389214,0.6946654196043375,18.0
263,0.21170679820826285,1.235785497432696,22.0
264,-0.6442435961484877,0.5250595490040308,16.0
265,1.2424529536171787,3.4641003289973566,28.0
266,-0.22354591441063024,0.7996781742726036,19.0
267,1.2424529536171787,3.4641003289973566,28.0
268,0.063608065715883,1.0656746424722479,21.0
269,0.6868592774739515,1.987463648813542,25.0
270,0.3641291283852894,1.439260051485811,23.0
271,-3.142301662558558,0.04318329006726382,3.0
272,1.4579384092855996,4.297091546380481,29.0
273,0.3641291283852894,1.439260051485811,23.0
274,-0.6442435961484877,0.5250595490040308,16.0
275,0.063608065715883,1.0656746424722479,21.0
276,1.6965067218652494,5.454858731404329,30.0
277,2.2810959455848847,9.787400992773454,32.0
278,0.3641291283852894,1.439260051485811,23.0
279,-0.36432495997389214,0.6946654196043375,18.0
280,0.3641291283852894,1.439260051485811,23.0
281,0.21170679820826285,1.235785497432696,22.0
282,-1.8793920334448018,0.15268290364398573,8.0
283,-1.5331839646290706,0.2158473218257035,10.0
284,0.3641291283852894,1.439260051485811,23.0
285,1.0445348234182124,2.84207614883862,27.0
286,1.4579384092855996,4.297091546380481,29.0
287,-0.08117678708768204,0.9220306739177403,20.0
288,0.3641291283852894,1.439260051485811,23.0
289,-2.072052108968005,0.12592710024282022,7.0
290,2.2810959455848847,9.787400992773454,32.0
291,1.6965067218652494,5.454858731404329,30.0
292,-0.22354591441063024,0.7996781742726036,19.0
293,-1.2204729367824145,0.29509057473054073,12.0
294,0.21170679820826285,1.235785497432696,22.0
295,0.3641291283852894,1.439260051485811,23.0
296,-1.5331839646290706,0.2158473218257035,10.0
297,0.21170679820826285,1.235785497432696,22.0
298,-0.6442435961484877,0.5250595490040308,16.0
299,0.5220464313832262,1.685473328338629,24.0
300,-1.8793920334448018,0.15268290364398573,8.0
301,-1.0720787417970585,0.3422962318621723,13.0
302,-0.5042994251732074,0.6039285243774087,17.0
303,0.5220464313832262,1.685473328338629,24.0
304,1.9664257563193737,7.145092492177396,31.0
305,0.063608065715883,1.0656746424722479,21.0
306,0.5220464313832262,1.685473328338629,24.0
307,-1.5331839646290706,0.2158473218257035,10.0
308,1.4579384092855996,4.297091546380481,29.0
309,-0.9272534536031524,0.39563885996788833,14.0
310,1.2424529536171787,3.4641003289973566,28.0
311,1.4579384092855996,4.297091546380481,29.0
312,-2.5225323510385604,0.08025611254894051,5.0
313,-27.631021364109618,9.999997518189615e-13,0.0
314,0.6868592774739515,1.987463648813542,25.0
315,1.0445348234182124,2.84207614883862,27.0
316,1.0445348234182124,2.84207614883862,27.0
317,-1.0720787417970585,0.3422962318621723,13.0
318,0.8602925142494593,2.363852052993758,26.0
319,-0.5042994251732074,0.6039285243774087,17.0
320,-0.6442435961484877,0.5250595490040308,16.0
321,-2.800741100494121,0.06076501295298796,4.0
322,0.5220464313832262,1.685473328338629,24.0
323,-2.072052108968005,0.12592710024282022,7.0
324,1.2424529536171787,3.4641003289973566,28.0
325,0.063608065715883,1.0656746424722479,21.0
326,-1.0720787417970585,0.3422962318621723,13.0
327,0.5220464313832262,1.685473328338629,24.0
328,-27.631021364109618,9.999997518189615e-13,0.0
329,-1.2204729367824145,0.29509057473054073,12.0
330,1.6965067218652494,5.454858731404329,30.0
331,0.063608065715883,1.0656746424722479,21.0
332,0.3641291283852894,1.439260051485811,23.0
333,0.6868592774739515,1.987463648813542,25.0
334,0.5220464313832262,1.685473328338629,24.0
335,-0.08117678708768204,0.9220306739177403,20.0
336,1.6965067218652494,5.454858731404329,30.0
337,1.0445348234182124,2.84207614883862,27.0
338,-2.358576823440099,0.094554695510962,5.0
339,-1.2204729367824145,0.29509057473054073,12.0
340,-0.7849487664649734,0.45614307100899587,15.0
341,-1.7009196905741106,0.18251558897360975,9.0
342,2.2810959455848847,9.787400992773454,32.0
343,1.0445348234182124,2.84207614883862,27.0
344,-1.8793920334448018,0.15268290364398573,8.0
345,-1.2204729367824145,0.29509057473054073,12.0
346,1.2424529536171787,3.4641003289973566,28.0
347,-0.7849487664649734,0.45614307100899587,15.0
348,-0.9272534536031524,0.39563885996788833,14.0
349,-2.072052108968005,0.12592710024282022,7.0
350,0.6868592774739515,1.987463648813542,25.0
351,1.9664257563193737,7.145092492177396,31.0
352,0.21170679820826285,1.235785497432696,22.0
353,-0.5042994251732074,0.6039285243774087,17.0
354,-0.22354591441063024,0.7996781742726036,19.0
355,0.8602925142494593,2.363852052993758,26.0
356,-0.5042994251732074,0.6039285243774087,17.0
357,-0.36432495997389214,0.6946654196043375,18.0
358,-0.5042994251732074,0.6039285243774087,17.0
359,-0.36432495997389214,0.6946654196043375,18.0
360,1.4579384092855996,4.297091546380481,29.0
361,2.2810959455848847,9.787400992773454,32.0
362,1.9664257563193737,7.145092492177396,31.0
363,1.2424529536171787,3.4641003289973566,28.0
364,0.6868592774739515,1.987463648813542,25.0
365,-0.7849487664649734,0.45614307100899587,15.0
366,-2.800741100494121,0.06076501295298796,4.0
367,-0.22354591441063024,0.7996781742726036,19.0
368,1.6965067218652494,5.454858731404329,30.0
369,-1.2204729367824145,0.29509057473054073,12.0
370,1.0445348234182124,2.84207614883862,27.0
371,0.8602925142494593,2.363852052993758,26.0
372,-1.7009196905741106,0.18251558897360975,9.0
373,0.3641291283852894,1.439260051485811,23.0
374,0.5220464313832262,1.685473328338629,24.0
375,-2.072052108968005,0.12592710024282022,7.0
376,-0.5042994251732074,0.6039285243774087,17.0
377,0.21170679820826285,1.235785497432696,22.0
378,1.2424529536171787,3.4641003289973566,28.0
379,-1.5331839646290706,0.2158473218257035,10.0
380,0.21170679820826285,1.235785497432696,22.0
381,0.3641291283852894,1.439260051485811,23.0
382,0.7975720739360594,2.2201440339474248,8.0
383,-1.3736717470917938,0.25317565386882657,11.0
384,-0.08117678708768204,0.9220306739177403,20.0
385,0.063608065715883,1.0656746424722479,21.0
386,0.8602925142494593,2.363852052993758,26.0
387,-2.5225323510385604,0.08025611254894051,5.0
388,-0.7849487664649734,0.45614307100899587,15.0
389,1.9664257563193737,7.145092492177396,31.0
390,1.2424529536171787,3.4641003289973566,28.0
391,-2.800741100494121,0.06076501295298796,4.0
392,-1.5331839646290706,0.2158473218257035,10.0
393,0.5220464313832262,1.685473328338629,24.0
394,-0.36432495997389214,0.6946654196043375,18.0
395,-2.072052108968005,0.12592710024282022,7.0
396,0.063608065715883,1.0656746424722479,21.0
397,-0.18666673580985899,0.829720206346688,19.0
398,-1.7009196905741106,0.18251558897360975,9.0
399,1.4579384092855996,4.297091546380481,29.0
400,1.2424529536171787,3.4641003289973566,28.0
401,1.0445348234182124,2.84207614883862,27.0
402,0.8602925142494593,2.363852052993758,26.0
403,1.4579384092855996,4.297091546380481,29.0
404,0.5220464313832262,1.685473328338629,24.0
405,1.0445348234182124,2.84207614883862,27.0
406,1.0445348234182124,2.84207614883862,27.0
407,1.2424529536171787,3.4641003289973566,28.0
408,1.2424529536171787,3.4641003289973566,28.0
409,-2.072052108968005,0.12592710024282022,7.0
410,1.2424529536171787,3.4641003289973566,28.0
411,-2.072052108968005,0.12592710024282022,7.0
412,-0.9272534536031524,0.39563885996788833,14.0
413,-0.08117678708768204,0.9220306739177403,20.0
414,-2.800741100494121,0.06076501295298796,4.0
415,-1.5331839646290706,0.2158473218257035,10.0
416,-3.142301662558558,0.04318329006726382,3.0
417,0.8602925142494593,2.363852052993758,26.0
418,0.21170679820826285,1.235785497432696,22.0
419,0.063608065715883,1.0656746424722479,21.0
420,0.5220464313832262,1.685473328338629,24.0
421,3.9710278283812284,53.03901784108567,35.0
422,0.6868592774739515,1.987463648813542,25.0
423,0.21170679820826285,1.235785497432696,22.0
424,0.063608065715883,1.0656746424722479,21.0
425,-1.8793920334448018,0.15268290364398573,8.0
426,0.3641291283852894,1.439260051485811,23.0
427,-0.22354591441063024,0.7996781742726036,19.0
428,0.5220464313832262,1.685473328338629,24.0
429,-1.5331839646290706,0.2158473218257035,10.0
430,1.4579384092855996,4.297091546380481,29.0
431,-1.2204729367824145,0.29509057473054073,12.0
432,0.21170679820826285,1.235785497432696,22.0
433,0.5220464313832262,1.685473328338629,24.0
434,1.4579384092855996,4.297091546380481,29.0
435,-0.6442435961484877,0.5250595490040308,16.0
436,-1.7009196905741106,0.18251558897360975,9.0
437,0.8602925142494593,2.363852052993758,26.0
438,0.8602925142494593,2.363852052993758,26.0
439,0.5220464313832262,1.685473328338629,24.0
440,1.0445348234182124,2.84207614883862,27.0
441,3.171606546451296,23.845762925852654,34.0
442,-1.3736717470917938,0.25317565386882657,11.0
443,-0.5042994251732074,0.6039285243774087,17.0
444,-0.9272534536031524,0.39563885996788833,14.0
445,-0.6442435961484877,0.5250595490040308,16.0
446,0.5220464313832262,1.685473328338629,24.0
447,2.2810959455848847,9.787400992773454,32.0
448,1.4579384092855996,4.297091546380481,29.0
449,1.6965067218652494,5.454858731404329,30.0
450,-0.6442435961484877,0.5250595490040308,16.0
451,-0.7849487664649734,0.45614307100899587,15.0
452,-0.5042994251732074,0.6039285243774087,17.0
453,-0.9272534536031524,0.39563885996788833,14.0
454,0.6868592774739515,1.987463648813542,25.0
455,0.5220464313832262,1.685473328338629,24.0
456,1.4579384092855996,4.297091546380481,29.0
457,0.21170679820826285,1.235785497432696,22.0
458,0.063608065715883,1.0656746424722479,21.0
459,-0.22354591441063024,0.7996781742726036,19.0
460,-0.7849487664649734,0.45614307100899587,15.0
461,1.9664257563193737,7.145092492177396,31.0
462,0.5220464313832262,1.685473328338629,24.0
463,-0.08117678708768204,0.9220306739177403,20.0
464,0.21170679820826285,1.235785497432696,22.0
465,1.0445348234182124,2.84207614883862,27.0
466,0.5220464313832262,1.685473328338629,24.0
467,0.5220464313832262,1.685473328338629,24.0
468,0.5220464313832262,1.685473328338629,24.0
469,0.21170679820826285,1.235785497432696,22.0
470,-1.8793920334448018,0.15268290364398573,8.0
471,1.9664257563193737,7.145092492177396,31.0
472,6.518585593417319,677.6192780480811,1.0
473,-2.072052108968005,0.12592710024282022,7.0
474,-0.9272534536031524,0.39563885996788833,14.0
475,0.3641291283852894,1.439260051485811,23.0
476,1.4579384092855996,4.297091546380481,29.0
477,-2.072052108968005,0.12592710024282022,7.0
478,-1.3736717470917938,0.25317565386882657,11.0
479,1.0445348234182124,2.84207614883862,27.0
480,0.5220464313832262,1.685473328338629,24.0
481,0.5220464313832262,1.685473328338629,24.0
482,0.063608065715883,1.0656746424722479,21.0
483,2.2810959455848847,9.787400992773454,32.0
484,-0.36432495997389214,0.6946654196043375,18.0
485,1.6965067218652494,5.454858731404329,30.0
486,0.063608065715883,1.0656746424722479,21.0
487,-0.5042994251732074,0.6039285243774087,17.0
488,-0.08117678708768204,0.9220306739177403,20.0
489,-0.08117678708768204,0.9220306739177403,20.0
490,0.063608065715883,1.0656746424722479,21.0
491,0.21170679820826285,1.235785497432696,22.0
492,0.21170679820826285,1.235785497432696,22.0
493,0.6868592774739515,1.987463648813542,25.0
494,-1.2204729367824145,0.29509057473054073,12.0
495,-0.6442435961484877,0.5250595490040308,16.0
496,-2.072052108968005,0.12592710024282022,7.0
497,1.2424529536171787,3.4641003289973566,28.0
498,-0.7849487664649734,0.45614307100899587,15.0
499,-0.5042994251732074,0.6039285243774087,17.0
500,-0.22354591441063024,0.7996781742726036,19.0
501,0.21170679820826285,1.235785497432696,22.0
502,3.171606546451296,23.845762925852654,34.0
503,0.8602925142494593,2.363852052993758,26.0
504,2.2810959455848847,9.787400992773454,32.0
505,-1.3736717470917938,0.25317565386882657,11.0
506,0.21170679820826285,1.235785497432696,22.0
507,-2.072052108968005,0.12592710024282022,7.0
508,1.4579384092855996,4.297091546380481,29.0
509,-2.800741100494121,0.06076501295298796,4.0
510,-1.0720787417970585,0.3422962318621723,13.0
511,1.9664257563193737,7.145092492177396,31.0
512,1.6965067218652494,5.454858731404329,30.0
513,-0.08117678708768204,0.9220306739177403,20.0
514,0.5220464313832262,1.685473328338629,24.0
515,0.5220464313832262,1.685473328338629,24.0
516,1.0445348234182124,2.84207614883862,27.0
517,1.0445348234182124,2.84207614883862,27.0
518,-1.8793920334448018,0.15268290364398573,8.0
519,-0.6442435961484877,0.5250595490040308,16.0
520,0.8602925142494593,2.363852052993758,26.0
521,-1.5331839646290706,0.2158473218257035,10.0
522,0.8602925142494593,2.363852052993758,26.0
523,2.2810959455848847,9.787400992773454,32.0
524,0.3641291283852894,1.439260051485811,23.0
525,-0.7849487664649734,0.45614307100899587,15.0
526,-0.6442435961484877,0.5250595490040308,16.0
527,2.2810959455848847,9.787400992773454,32.0
528,1.4579384092855996,4.297091546380481,29.0
529,1.0445348234182124,2.84207614883862,27.0
530,-1.8793920334448018,0.15268290364398573,8.0
531,-0.6442435961484877,0.5250595490040308,16.0
532,1.2424529536171787,3.4641003289973566,28.0
533,-0.5042994251732074,0.6039285243774087,17.0
534,-1.3736717470917938,0.25317565386882657,11.0
535,1.6965067218652494,5.454858731404329,30.0
536,0.8602925142494593,2.363852052993758,26.0
537,-0.5042994251732074,0.6039285243774087,17.0
538,0.5220464313832262,1.685473328338629,24.0
539,0.3641291283852894,1.439260051485811,23.0
540,0.21170679820826285,1.235785497432696,22.0
541,-0.9272534536031524,0.39563885996788833,14.0
542,0.8602925142494593,2.363852052993758,26.0
543,1.4579384092855996,4.297091546380481,29.0
544,3.9710278283812284,53.03901784108567,35.0
545,0.5220464313832262,1.685473328338629,24.0
546,-2.5225323510385604,0.08025611254894051,5.0
547,0.21170679820826285,1.235785497432696,22.0
548,-1.7009196905741106,0.18251558897360975,9.0
549,0.6868592774739515,1.987463648813542,25.0
550,-1.3736717470917938,0.25317565386882657,11.0
551,1.4579384092855996,4.297091546380481,29.0
552,-0.5042994251732074,0.6039285243774087,17.0
553,0.6868592774739515,1.987463648813542,25.0
554,0.21170679820826285,1.235785497432696,22.0
555,1.4579384092855996,4.297091546380481,29.0
556,1.2424529536171787,3.4641003289973566,28.0
557,0.6868592774739515,1.987463648813542,25.0
558,-1.2204729367824145,0.29509057473054073,12.0
559,0.3641291283852894,1.439260051485811,23.0
560,-1.2204729367824145,0.29509057473054073,12.0
561,1.4579384092855996,4.297091546380481,29.0
562,-2.800741100494121,0.06076501295298796,4.0
563,1.0445348234182124,2.84207614883862,27.0
564,-1.7009196905741106,0.18251558897360975,9.0
565,-0.5042994251732074,0.6039285243774087,17.0
566,-0.36432495997389214,0.6946654196043375,18.0
567,0.5220464313832262,1.685473328338629,24.0
568,-0.36432495997389214,0.6946654196043375,18.0
569,-2.2838821301173056,0.10188789587897067,6.0
570,-2.5225323510385604,0.08025611254894051,5.0
571,0.21170679820826285,1.235785497432696,22.0
572,-0.7849487664649734,0.45614307100899587,15.0
573,-0.7849487664649734,0.45614307100899587,15.0
574,-0.36432495997389214,0.6946654196043375,18.0
575,0.21170679820826285,1.235785497432696,22.0
576,0.21170679820826285,1.235785497432696,22.0
577,-0.7849487664649734,0.45614307100899587,15.0
578,1.9664257563193737,7.145092492177396,31.0
579,1.2424529536171787,3.4641003289973566,28.0
580,-2.2838821301173056,0.10188789587897067,6.0
581,1.0445348234182124,2.84207614883862,27.0
582,-0.5042994251732074,0.6039285243774087,17.0
583,-0.08117678708768204,0.9220306739177403,20.0
584,0.21170679820826285,1.235785497432696,22.0
585,1.4579384092855996,4.297091546380481,29.0
586,0.5220464313832262,1.685473328338629,24.0
587,-2.5225323510385604,0.08025611254894051,5.0
588,1.0445348234182124,2.84207614883862,27.0
589,0.21170679820826285,1.235785497432696,22.0
590,0.5220464313832262,1.685473328338629,24.0
591,0.6868592774739515,1.987463648813542,25.0
592,-1.8793920334448018,0.15268290364398573,8.0
593,2.2810959455848847,9.787400992773454,32.0
594,0.063608065715883,1.0656746424722479,21.0
595,-0.36432495997389214,0.6946654196043375,18.0
596,0.3641291283852894,1.439260051485811,23.0
597,1.2424529536171787,3.4641003289973566,28.0
598,-1.491941354425807,0.2249355517611104,9.0
599,1.9664257563193737,7.145092492177396,31.0
600,-0.36432495997389214,0.6946654196043375,18.0
601,-2.2838821301173056,0.10188789587897067,6.0
602,-1.7009196905741106,0.18251558897360975,9.0
603,0.5220464313832262,1.685473328338629,24.0
604,-0.6442435961484877,0.5250595490040308,16.0
605,-1.2204729367824145,0.29509057473054073,12.0
606,-1.3736717470917938,0.25317565386882657,11.0
607,-2.5225323510385604,0.08025611254894051,5.0
608,1.4579384092855996,4.297091546380481,29.0
609,0.063608065715883,1.0656746424722479,21.0
610,0.063608065715883,1.0656746424722479,21.0
611,-0.36432495997389214,0.6946654196043375,18.0
612,-0.36432495997389214,0.6946654196043375,18.0
613,-2.2838821301173056,0.10188789587897067,6.0
614,0.5220464313832262,1.685473328338629,24.0
615,-1.7962144879351627,0.16592581502808823,4.0
616,0.063608065715883,1.0656746424722479,21.0
617,-2.072052108968005,0.12592710024282022,7.0
618,3.171606546451296,23.845762925852654,34.0
619,1.6965067218652494,5.454858731404329,30.0
620,-1.3736717470917938,0.25317565386882657,11.0
621,-0.6442435961484877,0.5250595490040308,16.0
622,0.3641291283852894,1.439260051485811,23.0
623,-0.5042994251732074,0.6039285243774087,17.0
624,-2.2838821301173056,0.10188789587897067,6.0
625,-0.22354591441063024,0.7996781742726036,19.0
626,1.6965067218652494,5.454858731404329,30.0
627,0.5220464313832262,1.685473328338629,24.0
628,0.21170679820826285,1.235785497432696,22.0
629,-0.22354591441063024,0.7996781742726036,19.0
630,0.8602925142494593,2.363852052993758,26.0
631,3.171606546451296,23.845762925852654,34.0
632,-0.5042994251732074,0.6039285243774087,17.0
633,0.8602925142494593,2.363852052993758,26.0
634,-1.8793920334448018,0.15268290364398573,8.0
635,-0.22354591441063024,0.7996781742726036,19.0
636,0.8602925142494593,2.363852052993758,26.0
637,-1.3736717470917938,0.25317565386882657,11.0
638,-0.5042994251732074,0.6039285243774087,17.0
639,2.664922496154055,14.366836017800509,33.0
640,0.3641291283852894,1.439260051485811,23.0
641,1.2424529536171787,3.4641003289973566,28.0
642,-0.22354591441063024,0.7996781742726036,19.0
643,0.063608065715883,1.0656746424722479,21.0
644,-1.3736717470917938,0.25317565386882657,11.0
645,-1.3736717470917938,0.25317565386882657,11.0
646,1.2424529536171787,3.4641003289973566,28.0
647,-2.2838821301173056,0.10188789587897067,6.0
648,-0.7849487664649734,0.45614307100899587,15.0
649,-0.08117678708768204,0.9220306739177403,20.0
650,-1.7009196905741106,0.18251558897360975,9.0
651,0.3641291283852894,1.439260051485811,23.0
652,0.6868592774739515,1.987463648813542,25.0
653,-0.22354591441063024,0.7996781742726036,19.0
654,-1.8793920334448018,0.15268290364398573,8.0
655,0.6868592774739515,1.987463648813542,25.0
656,-1.0720787417970585,0.3422962318621723,13.0
657,0.8602925142494593,2.363852052993758,26.0
658,0.8602925142494593,2.363852052993758,26.0
659,-0.6442435961484877,0.5250595490040308,16.0
660,0.6868592774739515,1.987463648813542,25.0
661,-2.2838821301173056,0.10188789587897067,6.0
662,-2.5225323510385604,0.08025611254894051,5.0
663,1.0445348234182124,2.84207614883862,27.0
664,-0.08117678708768204,0.9220306739177403,20.0
665,0.8602925142494593,2.363852052993758,26.0
666,0.3641291283852894,1.439260051485811,23.0
667,-2.072052108968005,0.12592710024282022,7.0
668,1.2424529536171787,3.4641003289973566,28.0
669,-0.36432495997389214,0.6946654196043375,18.0
670,0.063608065715883,1.0656746424722479,21.0
671,-0.08117678708768204,0.9220306739177403,20.0
672,-0.7849487664649734,0.45614307100899587,15.0
673,0.8602925142494593,2.363852052993758,26.0
674,-2.5225323510385604,0.08025611254894051,5.0
675,-1.7009196905741106,0.18251558897360975,9.0
676,-1.5331839646290706,0.2158473218257035,10.0
677,-1.0720787417970585,0.3422962318621723,13.0
678,0.6868592774739515,1.987463648813542,25.0
679,0.6868592774739515,1.987463648813542,25.0
680,-1.2204729367824145,0.29509057473054073,12.0
681,1.4579384092855996,4.297091546380481,29.0
682,0.3641291283852894,1.439260051485811,23.0
683,1.2424529536171787,3.4641003289973566,28.0
684,-0.5042994251732074,0.6039285243774087,17.0
685,0.3641291283852894,1.439260051485811,23.0
686,0.21170679820826285,1.235785497432696,22.0
687,0.6868592774739515,1.987463648813542,25.0
688,0.3641291283852894,1.439260051485811,23.0
689,-0.22354591441063024,0.7996781742726036,19.0
690,-0.9272534536031524,0.39563885996788833,14.0
691,0.063608065715883,1.0656746424722479,21.0
692,0.063608065715883,1.0656746424722479,21.0
693,-0.36432495997389214,0.6946654196043375,18.0
694,2.664922496154055,14.366836017800509,33.0
695,0.063608065715883,1.0656746424722479,21.0
696,0.8602925142494593,2.363852052993758,26.0
697,-0.5042994251732074,0.6039285243774087,17.0
698,1.0445348234182124,2.84207614883862,27.0
699,-0.9272534536031524,0.39563885996788833,14.0
700,-0.08117678708768204,0.9220306739177403,20.0
701,-0.08117678708768204,0.9220306739177403,20.0
702,1.2424529536171787,3.4641003289973566,28.0
703,-0.22354591441063024,0.7996781742726036,19.0
704,1.2424529536171787,3.4641003289973566,28.0
705,-2.2838821301173056,0.10188789587897067,6.0
706,-2.072052108968005,0.12592710024282022,7.0
707,0.063608065715883,1.0656746424722479,21.0
708,-0.22354591441063024,0.7996781742726036,19.0
709,-1.3736717470917938,0.25317565386882657,11.0
710,-1.7009196905741106,0.18251558897360975,9.0
711,-2.5225323510385604,0.08025611254894051,5.0
712,-1.0720787417970585,0.3422962318621723,13.0
713,0.8602925142494593,2.363852052993758,26.0
714,-0.36432495997389214,0.6946654196043375,18.0
715,-0.6442435961484877,0.5250595490040308,16.0
716,-0.9272534536031524,0.39563885996788833,14.0
717,-0.08117678708768204,0.9220306739177403,20.0
718,0.063608065715883,1.0656746424722479,21.0
719,2.664922496154055,14.366836017800509,33.0
720,0.3641291283852894,1.439260051485811,23.0
721,1.9664257563193737,7.145092492177396,31.0
722,0.5220464313832262,1.685473328338629,24.0
723,-0.6442435961484877,0.5250595490040308,16.0
724,1.6965067218652494,5.454858731404329,30.0
725,1.4579384092855996,4.297091546380481,29.0
726,1.0445348234182124,2.84207614883862,27.0
727,0.8602925142494593,2.363852052993758,26.0
728,-2.2838821301173056,0.10188789587897067,6.0
729,-2.072052108968005,0.12592710024282022,7.0
730,-0.36432495997389214,0.6946654196043375,18.0
731,-1.7009196905741106,0.18251558897360975,9.0
732,-0.22354591441063024,0.7996781742726036,19.0
733,-0.5042994251732074,0.6039285243774087,17.0
734,-1.5331839646290706,0.2158473218257035,10.0
735,0.063608065715883,1.0656746424722479,21.0
736,0.5220464313832262,1.685473328338629,24.0
737,1.0445348234182124,2.84207614883862,27.0
738,0.3641291283852894,1.439260051485811,23.0
739,0.8602925142494593,2.363852052993758,26.0
740,1.4579384092855996,4.297091546380481,29.0
741,-0.5042994251732074,0.6039285243774087,17.0
742,0.8602925142494593,2.363852052993758,26.0
743,0.8602925142494593,2.363852052993758,26.0
744,0.3641291283852894,1.439260051485811,23.0
745,-0.5042994251732074,0.6039285243774087,17.0
746,0.063608065715883,1.0656746424722479,21.0
747,-1.2204729367824145,0.29509057473054073,12.0
748,-0.6442435961484877,0.5250595490040308,16.0
749,0.8602925142494593,2.363852052993758,26.0
750,0.063608065715883,1.0656746424722479,21.0
751,-1.0720787417970585,0.3422962318621723,13.0
752,-0.6442435961484877,0.5250595490040308,16.0
753,-1.8793920334448018,0.15268290364398573,8.0
754,-1.5331839646290706,0.2158473218257035,10.0
755,0.063608065715883,1.0656746424722479,21.0
756,-1.2204729367824145,0.29509057473054073,12.0
757,0.6868592774739515,1.987463648813542,25.0
758,0.5220464313832262,1.685473328338629,24.0
759,0.063608065715883,1.0656746424722479,21.0
760,1.2424529536171787,3.4641003289973566,28.0
761,-2.5225323510385604,0.08025611254894051,5.0
762,-0.22354591441063024,0.7996781742726036,19.0
763,-0.7849487664649734,0.45614307100899587,15.0
764,-1.8793920334448018,0.15268290364398573,8.0
765,-0.7849487664649734,0.45614307100899587,15.0
766,2.2810959455848847,9.787400992773454,32.0
767,-2.2838821301173056,0.10188789587897067,6.0
768,-0.08117678708768204,0.9220306739177403,20.0
769,-0.22354591441063024,0.7996781742726036,19.0
770,0.6868592774739515,1.987463648813542,25.0
771,-0.5042994251732074,0.6039285243774087,17.0
772,1.6965067218652494,5.454858731404329,30.0
773,0.063608065715883,1.0656746424722479,21.0
774,0.8602925142494593,2.363852052993758,26.0
775,0.8602925142494593,2.363852052993758,26.0
776,-1.8793920334448018,0.15268290364398573,8.0
777,0.3641291283852894,1.439260051485811,23.0
778,-2.2838821301173056,0.10188789587897067,6.0
779,-0.7849487664649734,0.45614307100899587,15.0
780,0.063608065715883,1.0656746424722479,21.0
781,-0.22354591441063024,0.7996781742726036,19.0
782,-0.6442435961484877,0.5250595490040308,16.0
783,-0.9272534536031524,0.39563885996788833,14.0
784,-0.36432495997389214,0.6946654196043375,18.0
785,0.6868592774739515,1.987463648813542,25.0
786,-2.072052108968005,0.12592710024282022,7.0
787,-0.7849487664649734,0.45614307100899587,15.0
788,1.4579384092855996,4.297091546380481,29.0
789,1.2424529536171787,3.4641003289973566,28.0
790,-0.22354591441063024,0.7996781742726036,19.0
791,1.2424529536171787,3.4641003289973566,28.0
792,-0.6442435961484877,0.5250595490040308,16.0
793,0.063608065715883,1.0656746424722479,21.0
794,0.3641291283852894,1.439260051485811,23.0
795,-1.5331839646290706,0.2158473218257035,10.0
796,-2.072052108968005,0.12592710024282022,7.0
797,1.0445348234182124,2.84207614883862,27.0
798,1.4579384092855996,4.297091546380481,29.0
799,0.8602925142494593,2.363852052993758,26.0
800,-0.7849487664649734,0.45614307100899587,15.0
801,0.063608065715883,1.0656746424722479,21.0
802,-1.2204729367824145,0.29509057473054073,12.0
803,-1.7009196905741106,0.18251558897360975,9.0
804,3.171606546451296,23.845762925852654,34.0
805,0.6868592774739515,1.987463648813542,25.0
806,1.4579384092855996,4.297091546380481,29.0
807,-0.08117678708768204,0.9220306739177403,20.0
808,-0.7849487664649734,0.45614307100899587,15.0
809,-0.08117678708768204,0.9220306739177403,20.0
810,0.8602925142494593,2.363852052993758,26.0
811,0.3641291283852894,1.439260051485811,23.0
812,0.21170679820826285,1.235785497432696,22.0
813,-0.5042994251732074,0.6039285243774087,17.0
814,2.664922496154055,14.366836017800509,33.0
815,-0.7849487664649734,0.45614307100899587,15.0
816,-0.5042994251732074,0.6039285243774087,17.0
817,1.6965067218652494,5.454858731404329,30.0
818,1.2424529536171787,3.4641003289973566,28.0
819,0.3641291283852894,1.439260051485811,23.0
820,-0.9272534536031524,0.39563885996788833,14.0
821,0.5220464313832262,1.685473328338629,24.0
822,-0.5042994251732074,0.6039285243774087,17.0
823,0.6868592774739515,1.987463648813542,25.0
824,-1.8793920334448018,0.15268290364398573,8.0
825,0.21170679820826285,1.235785497432696,22.0
826,-0.36432495997389214,0.6946654196043375,18.0
827,-0.36432495997389214,0.6946654196043375,18.0
828,-0.36432495997389214,0.6946654196043375,18.0
829,-0.22354591441063024,0.7996781742726036,19.0
830,-0.7849487664649734,0.45614307100899587,15.0
831,1.0445348234182124,2.84207614883862,27.0
832,-0.22354591441063024,0.7996781742726036,19.0
833,1.4579384092855996,4.297091546380481,29.0
834,0.5220464313832262,1.685473328338629,24.0
835,-0.7849487664649734,0.45614307100899587,15.0
836,0.6868592774739515,1.987463648813542,25.0
837,0.6868592774739515,1.987463648813542,25.0
838,-0.08117678708768204,0.9220306739177403,20.0
839,-0.22354591441063024,0.7996781742726036,19.0
840,0.3641291283852894,1.439260051485811,23.0
841,0.8602925142494593,2.363852052993758,26.0
842,-0.6442435961484877,0.5250595490040308,16.0
843,-0.9272534536031524,0.39563885996788833,14.0
844,0.21170679820826285,1.235785497432696,22.0
845,-1.7009196905741106,0.18251558897360975,9.0
846,-0.6442435961484877,0.5250595490040308,16.0
847,-1.0720787417970585,0.3422962318621723,13.0
848,1.9664257563193737,7.145092492177396,31.0
849,0.3641291283852894,1.439260051485811,23.0
850,0.3641291283852894,1.439260051485811,23.0
851,-0.08117678708768204,0.9220306739177403,20.0
852,-0.08117678708768204,0.9220306739177403,20.0
853,2.664922496154055,14.366836017800509,33.0
854,1.9664257563193737,7.145092492177396,31.0
855,0.3641291283852894,1.439260051485811,23.0
856,1.0445348234182124,2.84207614883862,27.0
857,-1.5331839646290706,0.2158473218257035,10.0
858,0.8602925142494593,2.363852052993758,26.0
859,1.6965067218652494,5.454858731404329,30.0
860,0.8602925142494593,2.363852052993758,26.0
861,-2.2838821301173056,0.10188789587897067,6.0
862,-1.3736717470917938,0.25317565386882657,11.0
863,0.8602925142494593,2.363852052993758,26.0
864,-0.22354591441063024,0.7996781742726036,19.0
865,1.0445348234182124,2.84207614883862,27.0
866,1.6965067218652494,5.454858731404329,30.0
867,0.6868592774739515,1.987463648813542,25.0
868,0.21170679820826285,1.235785497432696,22.0
869,1.2424529536171787,3.4641003289973566,28.0
870,-0.36432495997389214,0.6946654196043375,18.0
871,-1.0236063320049116,0.3592968571655359,4.0
872,0.6868592774739515,1.987463648813542,25.0
873,3.171606546451296,23.845762925852654,34.0
874,-2.072052108968005,0.12592710024282022,7.0
875,-0.6442435961484877,0.5250595490040308,16.0
876,1.9664257563193737,7.145092492177396,31.0
877,0.063608065715883,1.0656746424722479,21.0
878,0.21170679820826285,1.235785497432696,22.0
879,1.0445348234182124,2.84207614883862,27.0
880,2.2810959455848847,9.787400992773454,32.0
881,0.063608065715883,1.0656746424722479,21.0
882,-1.7009196905741106,0.18251558897360975,9.0
883,0.063608065715883,1.0656746424722479,21.0
884,0.21170679820826285,1.235785497432696,22.0
885,0.6868592774739515,1.987463648813542,25.0
886,1.4579384092855996,4.297091546380481,29.0
887,1.6965067218652494,5.454858731404329,30.0
888,0.6868592774739515,1.987463648813542,25.0
889,0.8602925142494593,2.363852052993758,26.0
890,-0.22354591441063024,0.7996781742726036,19.0
891,-2.2838821301173056,0.10188789587897067,6.0
892,0.8602925142494593,2.363852052993758,26.0
893,-1.7009196905741106,0.18251558897360975,9.0
894,-0.08117678708768204,0.9220306739177403,20.0
895,0.8602925142494593,2.363852052993758,26.0
896,1.9664257563193737,7.145092492177396,31.0
897,0.3641291283852894,1.439260051485811,23.0
898,-1.3736717470917938,0.25317565386882657,11.0
899,1.2424529536171787,3.4641003289973566,28.0
900,0.6868592774739515,1.987463648813542,25.0
901,-0.36432495997389214,0.6946654196043375,18.0
902,0.8602925142494593,2.363852052993758,26.0
903,-1.2204729367824145,0.29509057473054073,12.0
904,1.2424529536171787,3.4641003289973566,28.0
905,-0.5042994251732074,0.6039285243774087,17.0
906,-1.2204729367824145,0.29509057473054073,12.0
907,-0.7849487664649734,0.45614307100899587,15.0
908,1.9664257563193737,7.145092492177396,31.0
909,-0.7849487664649734,0.45614307100899587,15.0
910,2.2810959455848847,9.787400992773454,32.0
911,2.664922496154055,14.366836017800509,33.0
912,-1.2204729367824145,0.29509057473054073,12.0
913,1.6965067218652494,5.454858731404329,30.0
914,0.063608065715883,1.0656746424722479,21.0
915,1.2424529536171787,3.4641003289973566,28.0
916,0.063608065715883,1.0656746424722479,21.0
917,-1.8793920334448018,0.15268290364398573,8.0
918,-0.7849487664649734,0.45614307100899587,15.0
919,1.0445348234182124,2.84207614883862,27.0
920,1.0445348234182124,2.84207614883862,27.0
921,2.2810959455848847,9.787400992773454,32.0
922,-2.072052108968005,0.12592710024282022,7.0
923,1.0445348234182124,2.84207614883862,27.0
924,-2.072052108968005,0.12592710024282022,7.0
925,-0.6442435961484877,0.5250595490040308,16.0
926,0.3641291283852894,1.439260051485811,23.0
927,-2.072052108968005,0.12592710024282022,7.0
928,-1.0720787417970585,0.3422962318621723,13.0
929,-0.9272534536031524,0.39563885996788833,14.0
930,3.171606546451296,23.845762925852654,34.0
931,-0.6442435961484877,0.5250595490040308,16.0
932,-1.5331839646290706,0.2158473218257035,10.0
933,-0.7849487664649734,0.45614307100899587,15.0
934,-0.6442435961484877,0.5250595490040308,16.0
935,-1.5331839646290706,0.2158473218257035,10.0
936,1.6965067218652494,5.454858731404329,30.0
937,0.3641291283852894,1.439260051485811,23.0
938,-0.36432495997389214,0.6946654196043375,18.0
939,1.4579384092855996,4.297091546380481,29.0
940,0.6868592774739515,1.987463648813542,25.0
941,-1.8793920334448018,0.15268290364398573,8.0
942,-1.5331839646290706,0.2158473218257035,10.0
943,0.6868592774739515,1.987463648813542,25.0
944,-0.5042994251732074,0.6039285243774087,17.0
945,0.063608065715883,1.0656746424722479,21.0
946,-1.8793920334448018,0.15268290364398573,8.0
947,1.6965067218652494,5.454858731404329,30.0
948,0.5220464313832262,1.685473328338629,24.0
949,-0.22354591441063024,0.7996781742726036,19.0
950,0.5220464313832262,1.685473328338629,24.0
951,1.0445348234182124,2.84207614883862,27.0
952,-2.2838821301173056,0.10188789587897067,6.0
953,-2.072052108968005,0.12592710024282022,7.0
954,-1.0720787417970585,0.3422962318621723,13.0
955,-0.7849487664649734,0.45614307100899587,15.0
956,-1.8793920334448018,0.15268290364398573,8.0
957,-0.5042994251732074,0.6039285243774087,17.0
958,0.8602925142494593,2.363852052993758,26.0
959,1.2424529536171787,3.4641003289973566,28.0
960,-0.006393003609671281,0.9936273881598792,13.0
961,0.063608065715883,1.0656746424722479,21.0
962,-2.2838821301173056,0.10188789587897067,6.0
963,0.5220464313832262,1.685473328338629,24.0
964,0.21170679820826285,1.235785497432696,22.0
965,0.8602925142494593,2.363852052993758,26.0
966,-0.7849487664649734,0.45614307100899587,15.0
967,-0.7849487664649734,0.45614307100899587,15.0
968,-1.0720787417970585,0.3422962318621723,13.0
969,-1.2204729367824145,0.29509057473054073,12.0
970,0.21170679820826285,1.235785497432696,22.0
971,-0.08117678708768204,0.9220306739177403,20.0
972,-0.5042994251732074,0.6039285243774087,17.0
973,0.6868592774739515,1.987463648813542,25.0
974,-2.2838821301173056,0.10188789587897067,6.0
975,-0.08117678708768204,0.9220306739177403,20.0
976,1.2424529536171787,3.4641003289973566,28.0
977,0.21170679820826285,1.235785497432696,22.0
978,3.9710278283812284,53.03901784108567,35.0
979,-0.36432495997389214,0.6946654196043375,18.0
980,1.4579384092855996,4.297091546380481,29.0
981,-0.5042994251732074,0.6039285243774087,17.0
982,1.0445348234182124,2.84207614883862,27.0
983,1.2424529536171787,3.4641003289973566,28.0
984,-1.2204729367824145,0.29509057473054073,12.0
985,1.4579384092855996,4.297091546380481,29.0
986,1.0445348234182124,2.84207614883862,27.0
987,3.171606546451296,23.845762925852654,34.0
988,-2.2838821301173056,0.10188789587897067,6.0
989,-2.072052108968005,0.12592710024282022,7.0
990,-0.9272534536031524,0.39563885996788833,14.0
991,-1.5331839646290706,0.2158473218257035,10.0
992,0.8602925142494593,2.363852052993758,26.0
993,-0.08117678708768204,0.9220306739177403,20.0
994,-0.5042994251732074,0.6039285243774087,17.0
995,0.063608065715883,1.0656746424722479,21.0
996,0.8602925142494593,2.363852052993758,26.0
997,1.6965067218652494,5.454858731404329,30.0
998,-1.5331839646290706,0.2158473218257035,10.0
999,-0.6442435961484877,0.5250595490040308,16.0
1000,2.664922496154055,14.366836017800509,33.0
1001,-0.36432495997389214,0.6946654196043375,18.0
1002,0.8602925142494593,2.363852052993758,26.0
1003,-1.3736717470917938,0.25317565386882657,11.0
1004,2.2810959455848847,9.787400992773454,32.0
1005,0.6868592774739515,1.987463648813542,25.0
1006,-0.22354591441063024,0.7996781742726036,19.0
1007,-1.0720787417970585,0.3422962318621723,13.0
1008,0.5220464313832262,1.685473328338629,24.0
1009,-1.2204729367824145,0.29509057473054073,12.0
1010,0.8602925142494593,2.363852052993758,26.0
1011,-0.6442435961484877,0.5250595490040308,16.0
1012,0.8602925142494593,2.363852052993758,26.0
1013,-1.0720787417970585,0.3422962318621723,13.0
1014,1.4579384092855996,4.297091546380481,29.0
1015,0.8602925142494593,2.363852052993758,26.0
1016,0.6868592774739515,1.987463648813542,25.0
1017,0.3641291283852894,1.439260051485811,23.0
1018,-0.9272534536031524,0.39563885996788833,14.0
1019,0.063608065715883,1.0656746424722479,21.0
1020,-2.072052108968005,0.12592710024282022,7.0
1021,2.2810959455848847,9.787400992773454,32.0
1022,-1.7009196905741106,0.18251558897360975,9.0
1023,0.21170679820826285,1.235785497432696,22.0
1024,0.063608065715883,1.0656746424722479,21.0
1025,0.063608065715883,1.0656746424722479,21.0
1026,-2.2838821301173056,0.10188789587897067,6.0
1027,-0.5042994251732074,0.6039285243774087,17.0
1028,1.4579384092855996,4.297091546380481,29.0
1029,-0.6442435961484877,0.5250595490040308,16.0
1030,0.21170679820826285,1.235785497432696,22.0
1031,1.4579384092855996,4.297091546380481,29.0
1032,-2.800741100494121,0.06076501295298796,4.0
1033,-2.2838821301173056,0.10188789587897067,6.0
1034,-1.2204729367824145,0.29509057473054073,12.0
1035,0.8602925142494593,2.363852052993758,26.0
1036,2.2810959455848847,9.787400992773454,32.0
1037,2.664922496154055,14.366836017800509,33.0
1038,1.2424529536171787,3.4641003289973566,28.0
1039,-1.7009196905741106,0.18251558897360975,9.0
1040,-2.072052108968005,0.12592710024282022,7.0
1041,-0.9272534536031524,0.39563885996788833,14.0
1042,-2.072052108968005,0.12592710024282022,7.0
1043,-0.22354591441063024,0.7996781742726036,19.0
1044,0.6868592774739515,1.987463648813542,25.0
1045,-0.7849487664649734,0.45614307100899587,15.0
1046,2.2810959455848847,9.787400992773454,32.0
1047,1.9664257563193737,7.145092492177396,31.0
1048,1.9664257563193737,7.145092492177396,31.0
1049,-0.08117678708768204,0.9220306739177403,20.0
1050,1.4579384092855996,4.297091546380481,29.0
1051,0.21170679820826285,1.235785497432696,22.0
1052,-0.9272534536031524,0.39563885996788833,14.0
1053,-0.36432495997389214,0.6946654196043375,18.0
1054,-2.072052108968005,0.12592710024282022,7.0
1055,0.5220464313832262,1.685473328338629,24.0
1056,0.063608065715883,1.0656746424722479,21.0
1057,-0.36432495997389214,0.6946654196043375,18.0
1058,0.21170679820826285,1.235785497432696,22.0
1059,-2.072052108968005,0.12592710024282022,7.0
1060,0.3641291283852894,1.439260051485811,23.0
1061,1.2424529536171787,3.4641003289973566,28.0
1062,2.664922496154055,14.366836017800509,33.0
1063,1.4579384092855996,4.297091546380481,29.0
1064,1.0445348234182124,2.84207614883862,27.0
1065,1.2424529536171787,3.4641003289973566,28.0
1066,1.9664257563193737,7.145092492177396,31.0
1067,-2.072052108968005,0.12592710024282022,7.0
1068,-0.6442435961484877,0.5250595490040308,16.0
1069,0.8602925142494593,2.363852052993758,26.0
1070,-1.7009196905741106,0.18251558897360975,9.0
1071,1.4579384092855996,4.297091546380481,29.0
1072,1.4579384092855996,4.297091546380481,29.0
1073,0.3641291283852894,1.439260051485811,23.0
1074,0.8602925142494593,2.363852052993758,26.0
1075,1.6965067218652494,5.454858731404329,30.0
1076,-1.7009196905741106,0.18251558897360975,9.0
1077,-1.5331839646290706,0.2158473218257035,10.0
1078,-0.5042994251732074,0.6039285243774087,17.0
1079,1.0445348234182124,2.84207614883862,27.0
1080,2.2810959455848847,9.787400992773454,32.0
1081,0.3641291283852894,1.439260051485811,23.0
1082,-1.7009196905741106,0.18251558897360975,9.0
1083,-2.072052108968005,0.12592710024282022,7.0
1084,-1.2204729367824145,0.29509057473054073,12.0
1085,1.9664257563193737,7.145092492177396,31.0
1086,1.9664257563193737,7.145092492177396,31.0
1087,-0.08117678708768204,0.9220306739177403,20.0
1088,0.063608065715883,1.0656746424722479,21.0
1089,-1.8793920334448018,0.15268290364398573,8.0
1090,0.6868592774739515,1.987463648813542,25.0
1091,-0.5042994251732074,0.6039285243774087,17.0
1092,-0.22354591441063024,0.7996781742726036,19.0
1093,1.0445348234182124,2.84207614883862,27.0
1094,1.2424529536171787,3.4641003289973566,28.0
1095,0.21170679820826285,1.235785497432696,22.0
1096,-0.36432495997389214,0.6946654196043375,18.0
1097,-1.0720787417970585,0.3422962318621723,13.0
1098,-1.5331839646290706,0.2158473218257035,10.0
1099,-1.5331839646290706,0.2158473218257035,10.0
1100,-1.5331839646290706,0.2158473218257035,10.0
1101,-2.2838821301173056,0.10188789587897067,6.0
1102,1.2424529536171787,3.4641003289973566,28.0
1103,-2.5225323510385604,0.08025611254894051,5.0
1104,-0.36432495997389214,0.6946654196043375,18.0
1105,0.21170679820826285,1.235785497432696,22.0
1106,-0.7849487664649734,0.45614307100899587,15.0
1107,0.8602925142494593,2.363852052993758,26.0
1108,0.8602925142494593,2.363852052993758,26.0
1109,-1.5331839646290706,0.2158473218257035,10.0
1110,0.6868592774739515,1.987463648813542,25.0
1111,2.2810959455848847,9.787400992773454,32.0
1112,0.3641291283852894,1.439260051485811,23.0
1113,2.2810959455848847,9.787400992773454,32.0
1114,0.5220464313832262,1.685473328338629,24.0
1115,0.21170679820826285,1.235785497432696,22.0
1116,-1.7009196905741106,0.18251558897360975,9.0
1117,1.0445348234182124,2.84207614883862,27.0
1118,0.8602925142494593,2.363852052993758,26.0
1119,0.6868592774739515,1.987463648813542,25.0
1120,0.063608065715883,1.0656746424722479,21.0
1121,-0.7849487664649734,0.45614307100899587,15.0
1122,3.171606546451296,23.845762925852654,34.0
1123,1.0445348234182124,2.84207614883862,27.0
1124,0.3641291283852894,1.439260051485811,23.0
1125,-1.5331839646290706,0.2158473218257035,10.0
1126,0.6868592774739515,1.987463648813542,25.0
1127,1.9664257563193737,7.145092492177396,31.0
1128,1.4579384092855996,4.297091546380481,29.0
1129,0.8602925142494593,2.363852052993758,26.0
1130,0.5220464313832262,1.685473328338629,24.0
1131,-1.2204729367824145,0.29509057473054073,12.0
1132,2.2810959455848847,9.787400992773454,32.0
1133,0.3641291283852894,1.439260051485811,23.0
1134,-2.072052108968005,0.12592710024282022,7.0
1135,-0.7849487664649734,0.45614307100899587,15.0
1136,1.0445348234182124,2.84207614883862,27.0
1137,-2.5225323510385604,0.08025611254894051,5.0
1138,-1.3553330591691823,0.25786139704549615,11.0
1139,1.4579384092855996,4.297091546380481,29.0
1140,0.5220464313832262,1.685473328338629,24.0
1141,1.4579384092855996,4.297091546380481,29.0
1142,-2.072052108968005,0.12592710024282022,7.0
1143,-1.2204729367824145,0.29509057473054073,12.0
1144,-0.08117678708768204,0.9220306739177403,20.0
1145,-2.5225323510385604,0.08025611254894051,5.0
1146,2.2810959455848847,9.787400992773454,32.0
1147,-1.7009196905741106,0.18251558897360975,9.0
1148,1.4579384092855996,4.297091546380481,29.0
1149,0.8602925142494593,2.363852052993758,26.0
1150,1.2424529536171787,3.4641003289973566,28.0
1151,1.0445348234182124,2.84207614883862,27.0
1152,-2.072052108968005,0.12592710024282022,7.0
1153,1.0445348234182124,2.84207614883862,27.0
1154,-1.7009196905741106,0.18251558897360975,9.0
1155,-2.072052108968005,0.12592710024282022,7.0
1156,-2.072052108968005,0.12592710024282022,7.0
1157,0.21170679820826285,1.235785497432696,22.0
1158,-0.08117678708768204,0.9220306739177403,20.0
1159,-1.0720787417970585,0.3422962318621723,13.0
1160,-1.3736717470917938,0.25317565386882657,11.0
1161,-0.6442435961484877,0.5250595490040308,16.0
1162,-3.142301662558558,0.04318329006726382,3.0
1163,1.6965067218652494,5.454858731404329,30.0
1164,-0.6442435961484877,0.5250595490040308,16.0
1165,-0.08117678708768204,0.9220306739177403,20.0
1166,-2.5225323510385604,0.08025611254894051,5.0
1167,1.4579384092855996,4.297091546380481,29.0
1168,0.6868592774739515,1.987463648813542,25.0
1169,1.0445348234182124,2.84207614883862,27.0
1170,-0.08117678708768204,0.9220306739177403,20.0
1171,1.4579384092855996,4.297091546380481,29.0
1172,3.171606546451296,23.845762925852654,34.0
1173,1.4579384092855996,4.297091546380481,29.0
1174,-0.5042994251732074,0.6039285243774087,17.0
1175,0.063608065715883,1.0656746424722479,21.0
1176,-1.8793920334448018,0.15268290364398573,8.0
1177,-1.2204729367824145,0.29509057473054073,12.0
1178,1.4579384092855996,4.297091546380481,29.0
1179,-0.08117678708768204,0.9220306739177403,20.0
1180,0.3641291283852894,1.439260051485811,23.0
1181,-1.2204729367824145,0.29509057473054073,12.0
1182,0.3641291283852894,1.439260051485811,23.0
1183,-2.5225323510385604,0.08025611254894051,5.0
1184,1.2424529536171787,3.4641003289973566,28.0
1185,-0.22354591441063024,0.7996781742726036,19.0
1186,-1.5331839646290706,0.2158473218257035,10.0
1187,0.5220464313832262,1.685473328338629,24.0
1188,1.9664257563193737,7.145092492177396,31.0
1189,1.0445348234182124,2.84207614883862,27.0
1190,1.0445348234182124,2.84207614883862,27.0
1191,0.3641291283852894,1.439260051485811,23.0
1192,1.2424529536171787,3.4641003289973566,28.0
1193,-0.36432495997389214,0.6946654196043375,18.0
1194,0.5220464313832262,1.685473328338629,24.0
1195,1.6965067218652494,5.454858731404329,30.0
1196,1.2424529536171787,3.4641003289973566,28.0
1197,-1.5331839646290706,0.2158473218257035,10.0
1198,0.5220464313832262,1.685473328338629,24.0
1199,-0.08117678708768204,0.9220306739177403,20.0
1200,2.664922496154055,14.366836017800509,33.0
1201,0.6868592774739515,1.987463648813542,25.0
1202,-0.5042994251732074,0.6039285243774087,17.0
1203,0.3641291283852894,1.439260051485811,23.0
1204,0.5220464313832262,1.685473328338629,24.0
1205,-1.8793920334448018,0.15268290364398573,8.0
1206,1.6965067218652494,5.454858731404329,30.0
1207,0.8602925142494593,2.363852052993758,26.0
1208,-0.22354591441063024,0.7996781742726036,19.0
1209,1.6965067218652494,5.454858731404329,30.0
1210,1.9664257563193737,7.145092492177396,31.0
1211,1.6965067218652494,5.454858731404329,30.0
1212,-1.3736717470917938,0.25317565386882657,11.0
1213,1.4579384092855996,4.297091546380481,29.0
1214,1.4579384092855996,4.297091546380481,29.0
1215,-0.36432495997389214,0.6946654196043375,18.0
1216,-0.5042994251732074,0.6039285243774087,17.0
1217,-0.08117678708768204,0.9220306739177403,20.0
1218,-0.7849487664649734,0.45614307100899587,15.0
1219,1.6965067218652494,5.454858731404329,30.0
1220,1.6965067218652494,5.454858731404329,30.0
1221,1.0445348234182124,2.84207614883862,27.0
1222,0.21170679820826285,1.235785497432696,22.0
1223,0.6868592774739515,1.987463648813542,25.0
1224,1.0445348234182124,2.84207614883862,27.0
1225,0.6292866820404928,1.876271723488898,15.0
1226,2.2810959455848847,9.787400992773454,32.0
1227,-0.08117678708768204,0.9220306739177403,20.0
1228,-0.22354591441063024,0.7996781742726036,19.0
1229,-1.7009196905741106,0.18251558897360975,9.0
1230,-1.8793920334448018,0.15268290364398573,8.0
1231,-0.6442435961484877,0.5250595490040308,16.0
1232,-0.22354591441063024,0.7996781742726036,19.0
1233,1.6965067218652494,5.454858731404329,30.0
1234,0.6868592774739515,1.987463648813542,25.0
1235,1.2424529536171787,3.4641003289973566,28.0
1236,0.21170679820826285,1.235785497432696,22.0
1237,1.9664257563193737,7.145092492177396,31.0
1238,-0.9272534536031524,0.39563885996788833,14.0
1239,0.21170679820826285,1.235785497432696,22.0
1240,-0.08117678708768204,0.9220306739177403,20.0
1241,0.3641291283852894,1.439260051485811,23.0
1242,1.0445348234182124,2.84207614883862,27.0
1243,-0.36432495997389214,0.6946654196043375,18.0
1244,3.171606546451296,23.845762925852654,34.0
1245,0.8602925142494593,2.363852052993758,26.0
1246,0.063608065715883,1.0656746424722479,21.0
1247,1.9664257563193737,7.145092492177396,31.0
1248,1.6965067218652494,5.454858731404329,30.0
1249,0.063608065715883,1.0656746424722479,21.0
1250,-2.5225323510385604,0.08025611254894051,5.0
1251,0.21170679820826285,1.235785497432696,22.0
1252,-1.3736717470917938,0.25317565386882657,11.0
1253,-0.08117678708768204,0.9220306739177403,20.0
1254,-1.3736717470917938,0.25317565386882657,11.0
1255,-1.8793920334448018,0.15268290364398573,8.0
1256,1.4579384092855996,4.297091546380481,29.0
1257,0.8602925142494593,2.363852052993758,26.0
1258,-0.7849487664649734,0.45614307100899587,15.0
1259,0.063608065715883,1.0656746424722479,21.0
1260,0.8602925142494593,2.363852052993758,26.0
1261,-0.6442435961484877,0.5250595490040308,16.0
1262,-1.0720787417970585,0.3422962318621723,13.0
1263,-0.22354591441063024,0.7996781742726036,19.0
1264,-2.2838821301173056,0.10188789587897067,6.0
1265,0.063608065715883,1.0656746424722479,21.0
1266,-1.8793920334448018,0.15268290364398573,8.0
1267,-0.9272534536031524,0.39563885996788833,14.0
1268,-0.9272534536031524,0.39563885996788833,14.0
1269,1.9664257563193737,7.145092492177396,31.0
1270,-2.800741100494121,0.06076501295298796,4.0
1271,0.063608065715883,1.0656746424722479,21.0
1272,1.4579384092855996,4.297091546380481,29.0
1273,-0.9272534536031524,0.39563885996788833,14.0
1274,2.664922496154055,14.366836017800509,33.0
1275,-2.2838821301173056,0.10188789587897067,6.0
1276,-1.0720787417970585,0.3422962318621723,13.0
1277,-1.2204729367824145,0.29509057473054073,12.0
1278,0.21170679820826285,1.235785497432696,22.0
1279,1.4579384092855996,4.297091546380481,29.0
1280,1.4579384092855996,4.297091546380481,29.0
1281,0.3641291283852894,1.439260051485811,23.0
1282,-0.5042994251732074,0.6039285243774087,17.0
1283,1.2424529536171787,3.4641003289973566,28.0
1284,-2.2838821301173056,0.10188789587897067,6.0
1285,-1.8793920334448018,0.15268290364398573,8.0
1286,0.21170679820826285,1.235785497432696,22.0
1287,-1.7009196905741106,0.18251558897360975,9.0
1288,1.4579384092855996,4.297091546380481,29.0
1289,0.3641291283852894,1.439260051485811,23.0
1290,-0.5042994251732074,0.6039285243774087,17.0
1291,-0.22354591441063024,0.7996781742726036,19.0
1292,-0.6442435961484877,0.5250595490040308,16.0
1293,-2.5225323510385604,0.08025611254894051,5.0
1294,-0.08117678708768204,0.9220306739177403,20.0
1295,-1.0720787417970585,0.3422962318621723,13.0
1296,1.6965067218652494,5.454858731404329,30.0
1297,0.6868592774739515,1.987463648813542,25.0
1298,-0.6442435961484877,0.5250595490040308,16.0
1299,-0.5042994251732074,0.6039285243774087,17.0
1300,1.4579384092855996,4.297091546380481,29.0
1301,-0.9272534536031524,0.39563885996788833,14.0
1302,-0.7849487664649734,0.45614307100899587,15.0
1303,1.2424529536171787,3.4641003289973566,28.0
1304,0.21170679820826285,1.235785497432696,22.0
1305,-0.6442435961484877,0.5250595490040308,16.0
1306,0.8602925142494593,2.363852052993758,26.0
1307,-0.36432495997389214,0.6946654196043375,18.0
1308,2.664922496154055,14.366836017800509,33.0
1309,-1.2204729367824145,0.29509057473054073,12.0
1310,0.063608065715883,1.0656746424722479,21.0
1311,1.2424529536171787,3.4641003289973566,28.0
1312,-1.8793920334448018,0.15268290364398573,8.0
1313,0.063608065715883,1.0656746424722479,21.0
1314,1.6965067218652494,5.454858731404329,30.0
1315,-1.7009196905741106,0.18251558897360975,9.0
1316,0.6868592774739515,1.987463648813542,25.0
1317,-0.36432495997389214,0.6946654196043375,18.0
1318,1.6965067218652494,5.454858731404329,30.0
1319,-0.6442435961484877,0.5250595490040308,16.0
1320,0.3641291283852894,1.439260051485811,23.0
1321,-0.5042994251732074,0.6039285243774087,17.0
1322,0.6868592774739515,1.987463648813542,25.0
1323,0.8602925142494593,2.363852052993758,26.0
1324,1.2424529536171787,3.4641003289973566,28.0
1325,-0.36432495997389214,0.6946654196043375,18.0
1326,1.0445348234182124,2.84207614883862,27.0
1327,-0.22354591441063024,0.7996781742726036,19.0
1328,0.8602925142494593,2.363852052993758,26.0
1329,1.2424529536171787,3.4641003289973566,28.0
1330,1.9664257563193737,7.145092492177396,31.0
1331,1.0445348234182124,2.84207614883862,27.0
1332,2.2810959455848847,9.787400992773454,32.0
1333,-2.072052108968005,0.12592710024282022,7.0
1334,-0.6442435961484877,0.5250595490040308,16.0
1335,-1.3736717470917938,0.25317565386882657,11.0
1336,-0.9272534536031524,0.39563885996788833,14.0
1337,1.6965067218652494,5.454858731404329,30.0
1338,1.2424529536171787,3.4641003289973566,28.0
1339,0.063608065715883,1.0656746424722479,21.0
1340,1.9664257563193737,7.145092492177396,31.0
1341,1.2424529536171787,3.4641003289973566,28.0
1342,1.4579384092855996,4.297091546380481,29.0
1343,-1.2204729367824145,0.29509057473054073,12.0
1344,0.063608065715883,1.0656746424722479,21.0
1345,0.8602925142494593,2.363852052993758,26.0
1346,-1.3736717470917938,0.25317565386882657,11.0
1347,0.8602925142494593,2.363852052993758,26.0
1348,-1.2204729367824145,0.29509057473054073,12.0
1349,1.9664257563193737,7.145092492177396,31.0
1350,-0.36432495997389214,0.6946654196043375,18.0
1351,1.4579384092855996,4.297091546380481,29.0
1352,1.2424529536171787,3.4641003289973566,28.0
1353,2.664922496154055,14.366836017800509,33.0
1354,-1.5331839646290706,0.2158473218257035,10.0
1355,-0.22354591441063024,0.7996781742726036,19.0
1356,-0.22354591441063024,0.7996781742726036,19.0
1357,-1.7009196905741106,0.18251558897360975,9.0
1358,-2.5225323510385604,0.08025611254894051,5.0
1359,1.2424529536171787,3.4641003289973566,28.0
1360,-1.3736717470917938,0.25317565386882657,11.0
1361,0.3641291283852894,1.439260051485811,23.0
1362,-0.36432495997389214,0.6946654196043375,18.0
1363,0.063608065715883,1.0656746424722479,21.0
1364,0.063608065715883,1.0656746424722479,21.0
1365,0.8602925142494593,2.363852052993758,26.0
1366,0.063608065715883,1.0656746424722479,21.0
1367,-2.072052108968005,0.12592710024282022,7.0
1368,-3.142301662558558,0.04318329006726382,3.0
1369,0.063608065715883,1.0656746424722479,21.0
1370,1.0445348234182124,2.84207614883862,27.0
1371,-1.0720787417970585,0.3422962318621723,13.0
1372,-0.22354591441063024,0.7996781742726036,19.0
1373,1.9664257563193737,7.145092492177396,31.0
1374,0.3641291283852894,1.439260051485811,23.0
1375,-1.7009196905741106,0.18251558897360975,9.0
1376,-0.08117678708768204,0.9220306739177403,20.0
1377,2.2810959455848847,9.787400992773454,32.0
1378,0.063608065715883,1.0656746424722479,21.0
1379,-0.5042994251732074,0.6039285243774087,17.0
1380,-1.8793920334448018,0.15268290364398573,8.0
1381,1.4579384092855996,4.297091546380481,29.0
1382,-2.2838821301173056,0.10188789587897067,6.0
1383,0.21170679820826285,1.235785497432696,22.0
1384,1.2424529536171787,3.4641003289973566,28.0
1385,0.8602925142494593,2.363852052993758,26.0
1386,0.8602925142494593,2.363852052993758,26.0
1387,0.063608065715883,1.0656746424722479,21.0
1388,0.8602925142494593,2.363852052993758,26.0
1389,1.4579384092855996,4.297091546380481,29.0
1390,0.5220464313832262,1.685473328338629,24.0
1391,1.6965067218652494,5.454858731404329,30.0
1392,0.8602925142494593,2.363852052993758,26.0
1393,1.0445348234182124,2.84207614883862,27.0
1394,-1.8793920334448018,0.15268290364398573,8.0
1395,-1.8793920334448018,0.15268290364398573,8.0
1396,1.2424529536171787,3.4641003289973566,28.0
1397,-1.8793920334448018,0.15268290364398573,8.0
1398,0.21170679820826285,1.235785497432696,22.0
1399,-0.08117678708768204,0.9220306739177403,20.0
1400,0.063608065715883,1.0656746424722479,21.0
1401,-0.9272534536031524,0.39563885996788833,14.0
1402,0.5220464313832262,1.685473328338629,24.0
1403,-0.6442435961484877,0.5250595490040308,16.0
1404,-0.22354591441063024,0.7996781742726036,19.0
1405,-0.08117678708768204,0.9220306739177403,20.0
1406,0.21170679820826285,1.235785497432696,22.0
1407,-0.6442435961484877,0.5250595490040308,16.0
1408,-0.08117678708768204,0.9220306739177403,20.0
1409,-0.6442435961484877,0.5250595490040308,16.0
1410,-0.6442435961484877,0.5250595490040308,16.0
1411,-0.08117678708768204,0.9220306739177403,20.0
1412,1.0445348234182124,2.84207614883862,27.0
1413,0.5220464313832262,1.685473328338629,24.0
1414,-0.7849487664649734,0.45614307100899587,15.0
1415,-0.08117678708768204,0.9220306739177403,20.0
1416,-1.0720787417970585,0.3422962318621723,13.0
1417,-0.08117678708768204,0.9220306739177403,20.0
1418,-1.7009196905741106,0.18251558897360975,9.0
1419,-0.22354591441063024,0.7996781742726036,19.0
1420,2.2810959455848847,9.787400992773454,32.0
1421,-2.2838821301173056,0.10188789587897067,6.0
1422,1.9664257563193737,7.145092492177396,31.0
1423,-1.0720787417970585,0.3422962318621723,13.0
1424,-0.6442435961484877,0.5250595490040308,16.0
1425,-2.5225323510385604,0.08025611254894051,5.0
1426,-0.7849487664649734,0.45614307100899587,15.0
1427,1.6965067218652494,5.454858731404329,30.0
1428,0.3641291283852894,1.439260051485811,23.0
1429,-0.08117678708768204,0.9220306739177403,20.0
1430,-2.072052108968005,0.12592710024282022,7.0
1431,0.21170679820826285,1.235785497432696,22.0
1432,1.6965067218652494,5.454858731404329,30.0
1433,-0.36432495997389214,0.6946654196043375,18.0
1434,0.5220464313832262,1.685473328338629,24.0
1435,-0.5042994251732074,0.6039285243774087,17.0
1436,-1.2204729367824145,0.29509057473054073,12.0
1437,0.3641291283852894,1.439260051485811,23.0
1438,0.21170679820826285,1.235785497432696,22.0
1439,0.21170679820826285,1.235785497432696,22.0
1440,-0.7797315060365404,0.45852910707656885,1.0
1441,0.3641291283852894,1.439260051485811,23.0
1442,3.171606546451296,23.845762925852654,34.0
1443,0.3641291283852894,1.439260051485811,23.0
1444,1.2424529536171787,3.4641003289973566,28.0
1445,-0.36432495997389214,0.6946654196043375,18.0
1446,-0.7849487664649734,0.45614307100899587,15.0
1447,2.2810959455848847,9.787400992773454,32.0
1448,-1.0720787417970585,0.3422962318621723,13.0
1449,0.063608065715883,1.0656746424722479,21.0
1450,0.21170679820826285,1.235785497432696,22.0
1451,2.2810959455848847,9.787400992773454,32.0
1452,-2.072052108968005,0.12592710024282022,7.0
1453,-0.9272534536031524,0.39563885996788833,14.0
1454,-0.7849487664649734,0.45614307100899587,15.0
1455,1.6965067218652494,5.454858731404329,30.0
1456,0.5220464313832262,1.685473328338629,24.0
1457,1.0445348234182124,2.84207614883862,27.0
1458,0.3641291283852894,1.439260051485811,23.0
1459,-1.8793920334448018,0.15268290364398573,8.0
1460,1.2424529536171787,3.4641003289973566,28.0
1461,-0.9272534536031524,0.39563885996788833,14.0
1462,0.063608065715883,1.0656746424722479,21.0
1463,0.063608065715883,1.0656746424722479,21.0
1464,0.21170679820826285,1.235785497432696,22.0
1465,-1.5331839646290706,0.2158473218257035,10.0
1466,0.21170679820826285,1.235785497432696,22.0
1467,0.063608065715883,1.0656746424722479,21.0
1468,-0.08117678708768204,0.9220306739177403,20.0
1469,-0.5042994251732074,0.6039285243774087,17.0
1470,-1.2204729367824145,0.29509057473054073,12.0
1471,0.8602925142494593,2.363852052993758,26.0
1472,1.4579384092855996,4.297091546380481,29.0
1473,-2.2838821301173056,0.10188789587897067,6.0
1474,-2.2838821301173056,0.10188789587897067,6.0
1475,0.6868592774739515,1.987463648813542,25.0
1476,1.0445348234182124,2.84207614883862,27.0
1477,1.9664257563193737,7.145092492177396,31.0
1478,-1.2204729367824145,0.29509057473054073,12.0
1479,0.3641291283852894,1.439260051485811,23.0
1480,2.2810959455848847,9.787400992773454,32.0
1481,0.8602925142494593,2.363852052993758,26.0
1482,-0.5042994251732074,0.6039285243774087,17.0
1483,1.2424529536171787,3.4641003289973566,28.0
1484,0.8602925142494593,2.363852052993758,26.0
1485,2.2810959455848847,9.787400992773454,32.0
1486,-0.9272534536031524,0.39563885996788833,14.0
1487,1.0445348234182124,2.84207614883862,27.0
1488,-0.08117678708768204,0.9220306739177403,20.0
1489,-0.9272534536031524,0.39563885996788833,14.0
1490,-1.8793920334448018,0.15268290364398573,8.0
1491,-1.8793920334448018,0.15268290364398573,8.0
1492,0.6868592774739515,1.987463648813542,25.0
1493,1.6965067218652494,5.454858731404329,30.0
1494,0.21170679820826285,1.235785497432696,22.0
1495,2.2810959455848847,9.787400992773454,32.0
1496,-0.36432495997389214,0.6946654196043375,18.0
1497,1.2424529536171787,3.4641003289973566,28.0
1498,0.5220464313832262,1.685473328338629,24.0
1499,0.21170679820826285,1.235785497432696,22.0
1500,0.8602925142494593,2.363852052993758,26.0
1501,0.21170679820826285,1.235785497432696,22.0
1502,-4.34537069323231,0.012966700688567494,1.0
1503,0.063608065715883,1.0656746424722479,21.0
1504,-0.36432495997389214,0.6946654196043375,18.0
1505,-0.6442435961484877,0.5250595490040308,16.0
1506,0.8602925142494593,2.363852052993758,26.0
1507,-0.22354591441063024,0.7996781742726036,19.0
1508,-0.7849487664649734,0.45614307100899587,15.0
1509,1.6965067218652494,5.454858731404329,30.0
1510,-0.36432495997389214,0.6946654196043375,18.0
1511,-0.5042994251732074,0.6039285243774087,17.0
1512,0.21170679820826285,1.235785497432696,22.0
1513,0.8602925142494593,2.363852052993758,26.0
1514,0.21170679820826285,1.235785497432696,22.0
1515,1.0445348234182124,2.84207614883862,27.0
1516,0.5220464313832262,1.685473328338629,24.0
1517,-0.5042994251732074,0.6039285243774087,17.0
1518,-0.7849487664649734,0.45614307100899587,15.0
1519,-0.08117678708768204,0.9220306739177403,20.0
1520,1.0445348234182124,2.84207614883862,27.0
1521,-0.5042994251732074,0.6039285243774087,17.0
1522,0.5220464313832262,1.685473328338629,24.0
1523,-1.2204729367824145,0.29509057473054073,12.0
1524,-0.7797315060365404,0.45852910707656885,1.0
1525,-0.6442435961484877,0.5250595490040308,16.0
1526,-1.2204729367824145,0.29509057473054073,12.0
1527,-0.36432495997389214,0.6946654196043375,18.0
1528,1.6965067218652494,5.454858731404329,30.0
1529,-1.2204729367824145,0.29509057473054073,12.0
1530,-0.36432495997389214,0.6946654196043375,18.0
1531,2.2810959455848847,9.787400992773454,32.0
1532,-0.9272534536031524,0.39563885996788833,14.0
1533,2.2810959455848847,9.787400992773454,32.0
1534,-1.8793920334448018,0.15268290364398573,8.0
1535,-1.7009196905741106,0.18251558897360975,9.0
1536,-2.2838821301173056,0.10188789587897067,6.0
1537,0.21170679820826285,1.235785497432696,22.0
1538,0.6868592774739515,1.987463648813542,25.0
1539,-1.5331839646290706,0.2158473218257035,10.0
1540,1.6965067218652494,5.454858731404329,30.0
1541,0.21170679820826285,1.235785497432696,22.0
1542,-0.08117678708768204,0.9220306739177403,20.0
1543,-1.2204729367824145,0.29509057473054073,12.0
1544,1.2424529536171787,3.4641003289973566,28.0
1545,-1.3736717470917938,0.25317565386882657,11.0
1546,-1.5331839646290706,0.2158473218257035,10.0
1547,0.21170679820826285,1.235785497432696,22.0
1548,2.2810959455848847,9.787400992773454,32.0
1549,-1.8793920334448018,0.15268290364398573,8.0
1550,1.2424529536171787,3.4641003289973566,28.0
1551,1.0445348234182124,2.84207614883862,27.0
1552,-1.0720787417970585,0.3422962318621723,13.0
1553,0.21170679820826285,1.235785497432696,22.0
1554,-0.6442435961484877,0.5250595490040308,16.0
1555,-0.9272534536031524,0.39563885996788833,14.0
1556,-1.5331839646290706,0.2158473218257035,10.0
1557,1.2424529536171787,3.4641003289973566,28.0
1558,0.21170679820826285,1.235785497432696,22.0
1559,0.21170679820826285,1.235785497432696,22.0
1560,-0.6442435961484877,0.5250595490040308,16.0
1561,0.8602925142494593,2.363852052993758,26.0
1562,-2.072052108968005,0.12592710024282022,7.0
1563,-1.8793920334448018,0.15268290364398573,8.0
1564,-2.5225323510385604,0.08025611254894051,5.0
1565,-0.9272534536031524,0.39563885996788833,14.0
1566,1.9664257563193737,7.145092492177396,31.0
1567,-1.5331839646290706,0.2158473218257035,10.0
1568,1.9664257563193737,7.145092492177396,31.0
1569,0.8602925142494593,2.363852052993758,26.0
1570,-1.2204729367824145,0.29509057473054073,12.0
1571,1.4579384092855996,4.297091546380481,29.0
1572,1.2424529536171787,3.4641003289973566,28.0
1573,-1.8793920334448018,0.15268290364398573,8.0
1574,-0.5042994251732074,0.6039285243774087,17.0
1575,2.664922496154055,14.366836017800509,33.0
1576,3.171606546451296,23.845762925852654,34.0
1577,0.21170679820826285,1.235785497432696,22.0
1578,1.0445348234182124,2.84207614883862,27.0
1579,-1.7488500014175106,0.17397389819088416,5.0
1580,-0.22354591441063024,0.7996781742726036,19.0
1581,0.6868592774739515,1.987463648813542,25.0
1582,-27.631021364109618,9.999997518189615e-13,0.0
1583,0.6868592774739515,1.987463648813542,25.0
1584,1.0445348234182124,2.84207614883862,27.0
1585,-0.08117678708768204,0.9220306739177403,20.0
1586,-0.7849487664649734,0.45614307100899587,15.0
1587,-0.7849487664649734,0.45614307100899587,15.0
1588,0.063608065715883,1.0656746424722479,21.0
1589,-0.08117678708768204,0.9220306739177403,20.0
1590,0.3641291283852894,1.439260051485811,23.0
1591,-1.8793920334448018,0.15268290364398573,8.0
1592,0.8602925142494593,2.363852052993758,26.0
1593,-2.072052108968005,0.12592710024282022,7.0
1594,-1.8793920334448018,0.15268290364398573,8.0
1595,1.2424529536171787,3.4641003289973566,28.0
1596,-1.8793920334448018,0.15268290364398573,8.0
1597,-0.08117678708768204,0.9220306739177403,20.0
1598,-1.7009196905741106,0.18251558897360975,9.0
1599,0.47293467626373875,1.6046965547778878,15.0
1600,-0.22354591441063024,0.7996781742726036,19.0
1601,-2.800741100494121,0.06076501295298796,4.0
1602,0.063608065715883,1.0656746424722479,21.0
1603,1.2424529536171787,3.4641003289973566,28.0
1604,1.2424529536171787,3.4641003289973566,28.0
1605,0.6868592774739515,1.987463648813542,25.0
1606,-0.5042994251732074,0.6039285243774087,17.0
1607,1.0445348234182124,2.84207614883862,27.0
1608,1.4579384092855996,4.297091546380481,29.0
1609,-0.5042994251732074,0.6039285243774087,17.0
1610,0.5220464313832262,1.685473328338629,24.0
1611,-0.5042994251732074,0.6039285243774087,17.0
1612,-0.36432495997389214,0.6946654196043375,18.0
1613,-1.7009196905741106,0.18251558897360975,9.0
1614,-0.6442435961484877,0.5250595490040308,16.0
1615,-2.800741100494121,0.06076501295298796,4.0
1616,0.5220464313832262,1.685473328338629,24.0
1617,0.3641291283852894,1.439260051485811,23.0
1618,0.5220464313832262,1.685473328338629,24.0
1619,0.3641291283852894,1.439260051485811,23.0
1620,-0.36432495997389214,0.6946654196043375,18.0
1621,2.2810959455848847,9.787400992773454,32.0
1622,0.21170679820826285,1.235785497432696,22.0
1623,-0.08117678708768204,0.9220306739177403,20.0
1624,-2.072052108968005,0.12592710024282022,7.0
1625,0.8602925142494593,2.363852052993758,26.0
1626,1.2424529536171787,3.4641003289973566,28.0
1627,0.3641291283852894,1.439260051485811,23.0
1628,-0.08117678708768204,0.9220306739177403,20.0
1629,0.3641291283852894,1.439260051485811,23.0
1630,-0.7849487664649734,0.45614307100899587,15.0
1631,-1.3736717470917938,0.25317565386882657,11.0
1632,-0.08117678708768204,0.9220306739177403,20.0
1633,1.0445348234182124,2.84207614883862,27.0
1634,0.063608065715883,1.0656746424722479,21.0
1635,-2.2838821301173056,0.10188789587897067,6.0
1636,-2.5225323510385604,0.08025611254894051,5.0
1637,1.2424529536171787,3.4641003289973566,28.0
1638,0.5220464313832262,1.685473328338629,24.0
1639,0.063608065715883,1.0656746424722479,21.0
1640,0.8602925142494593,2.363852052993758,26.0
1641,1.4579384092855996,4.297091546380481,29.0
1642,-1.0720787417970585,0.3422962318621723,13.0
1643,1.6965067218652494,5.454858731404329,30.0
1644,1.4579384092855996,4.297091546380481,29.0
1645,0.5220464313832262,1.685473328338629,24.0
1646,-0.08117678708768204,0.9220306739177403,20.0
1647,-0.7849487664649734,0.45614307100899587,15.0
1648,1.4579384092855996,4.297091546380481,29.0
1649,-1.3736717470917938,0.25317565386882657,11.0
1650,1.2424529536171787,3.4641003289973566,28.0
1651,-1.5331839646290706,0.2158473218257035,10.0
1652,-1.0720787417970585,0.3422962318621723,13.0
1653,1.6965067218652494,5.454858731404329,30.0
1654,-0.5042994251732074,0.6039285243774087,17.0
1655,2.2810959455848847,9.787400992773454,32.0
1656,0.8602925142494593,2.363852052993758,26.0
1657,0.21170679820826285,1.235785497432696,22.0
1658,-1.5331839646290706,0.2158473218257035,10.0
1659,2.2810959455848847,9.787400992773454,32.0
1660,-1.7009196905741106,0.18251558897360975,9.0
1661,0.8602925142494593,2.363852052993758,26.0
1662,0.21170679820826285,1.235785497432696,22.0
1663,0.8602925142494593,2.363852052993758,26.0
1664,1.6965067218652494,5.454858731404329,30.0
1665,-0.7849487664649734,0.45614307100899587,15.0
1666,-0.36432495997389214,0.6946654196043375,18.0
1667,2.664922496154055,14.366836017800509,33.0
1668,1.0445348234182124,2.84207614883862,27.0
1669,1.0445348234182124,2.84207614883862,27.0
1670,-0.08117678708768204,0.9220306739177403,20.0
1671,-0.08117678708768204,0.9220306739177403,20.0
1672,1.0445348234182124,2.84207614883862,27.0
1673,0.3641291283852894,1.439260051485811,23.0
1674,2.664922496154055,14.366836017800509,33.0
1675,0.8602925142494593,2.363852052993758,26.0
1676,-1.5331839646290706,0.2158473218257035,10.0
1677,-0.7849487664649734,0.45614307100899587,15.0
1678,-0.36432495997389214,0.6946654196043375,18.0
1679,0.21170679820826285,1.235785497432696,22.0
1680,-0.36432495997389214,0.6946654196043375,18.0
1681,0.21170679820826285,1.235785497432696,22.0
1682,0.21170679820826285,1.235785497432696,22.0
1683,-0.9272534536031524,0.39563885996788833,14.0
1684,-1.7009196905741106,0.18251558897360975,9.0
1685,-0.9272534536031524,0.39563885996788833,14.0
1686,-0.08117678708768204,0.9220306739177403,20.0
1687,2.664922496154055,14.366836017800509,33.0
1688,2.664922496154055,14.366836017800509,33.0
1689,1.9664257563193737,7.145092492177396,31.0
1690,-1.3736717470917938,0.25317565386882657,11.0
1691,0.5220464313832262,1.685473328338629,24.0
1692,0.6868592774739515,1.987463648813542,25.0
1693,-1.2204729367824145,0.29509057473054073,12.0
1694,1.4579384092855996,4.297091546380481,29.0
1695,0.8602925142494593,2.363852052993758,26.0
1696,1.0445348234182124,2.84207614883862,27.0
1697,1.0445348234182124,2.84207614883862,27.0
1698,1.2424529536171787,3.4641003289973566,28.0
1699,-0.9272534536031524,0.39563885996788833,14.0
1700,1.2424529536171787,3.4641003289973566,28.0
1701,0.6868592774739515,1.987463648813542,25.0
1702,1.6965067218652494,5.454858731404329,30.0
1703,-1.7009196905741106,0.18251558897360975,9.0
1704,-1.0720787417970585,0.3422962318621723,13.0
1705,2.664922496154055,14.366836017800509,33.0
1706,0.3641291283852894,1.439260051485811,23.0
1707,-2.072052108968005,0.12592710024282022,7.0
1708,0.6868592774739515,1.987463648813542,25.0
1709,-0.22354591441063024,0.7996781742726036,19.0
1710,-0.9272534536031524,0.39563885996788833,14.0
1711,1.6965067218652494,5.454858731404329,30.0
1712,-0.9272534536031524,0.39563885996788833,14.0
1713,0.8602925142494593,2.363852052993758,26.0
1714,-1.3736717470917938,0.25317565386882657,11.0
1715,0.063608065715883,1.0656746424722479,21.0
1716,0.6868592774739515,1.987463648813542,25.0
1717,-1.2204729367824145,0.29509057473054073,12.0
1718,-0.7849487664649734,0.45614307100899587,15.0
1719,0.3641291283852894,1.439260051485811,23.0
1720,0.6868592774739515,1.987463648813542,25.0
1721,0.063608065715883,1.0656746424722479,21.0
1722,-1.3736717470917938,0.25317565386882657,11.0
1723,0.6868592774739515,1.987463648813542,25.0
1724,0.063608065715883,1.0656746424722479,21.0
1725,0.5220464313832262,1.685473328338629,24.0
1726,-1.7009196905741106,0.18251558897360975,9.0
1727,-2.800741100494121,0.06076501295298796,4.0
1728,-1.0720787417970585,0.3422962318621723,13.0
1729,0.3641291283852894,1.439260051485811,23.0
1730,-1.7009196905741106,0.18251558897360975,9.0
1731,1.4579384092855996,4.297091546380481,29.0
1732,1.2424529536171787,3.4641003289973566,28.0
1733,-1.0720787417970585,0.3422962318621723,13.0
1734,-0.7849487664649734,0.45614307100899587,15.0
1735,1.2424529536171787,3.4641003289973566,28.0
1736,-0.6442435961484877,0.5250595490040308,16.0
1737,0.5220464313832262,1.685473328338629,24.0
1738,2.664922496154055,14.366836017800509,33.0
1739,1.2424529536171787,3.4641003289973566,28.0
1740,-0.36432495997389214,0.6946654196043375,18.0
1741,-0.5042994251732074,0.6039285243774087,17.0
1742,0.063608065715883,1.0656746424722479,21.0
1743,-1.2204729367824145,0.29509057473054073,12.0
1744,-0.5042994251732074,0.6039285243774087,17.0
1745,1.0445348234182124,2.84207614883862,27.0
1746,0.8602925142494593,2.363852052993758,26.0
1747,0.3641291283852894,1.439260051485811,23.0
1748,-0.6442435961484877,0.5250595490040308,16.0
1749,0.5220464313832262,1.685473328338629,24.0
1750,-1.5331839646290706,0.2158473218257035,10.0
1751,-2.800741100494121,0.06076501295298796,4.0
1752,-0.6442435961484877,0.5250595490040308,16.0
1753,3.9710278283812284,53.03901784108567,35.0
1754,0.21170679820826285,1.235785497432696,22.0
1755,-0.7849487664649734,0.45614307100899587,15.0
1756,1.6965067218652494,5.454858731404329,30.0
1757,-1.3736717470917938,0.25317565386882657,11.0
1758,1.6965067218652494,5.454858731404329,30.0
1759,0.21170679820826285,1.235785497432696,22.0
1760,0.6868592774739515,1.987463648813542,25.0
1761,1.0445348234182124,2.84207614883862,27.0
1762,1.0445348234182124,2.84207614883862,27.0
1763,0.6868592774739515,1.987463648813542,25.0
1764,1.0445348234182124,2.84207614883862,27.0
1765,-1.8793920334448018,0.15268290364398573,8.0
1766,-0.36432495997389214,0.6946654196043375,18.0
1767,-0.36432495997389214,0.6946654196043375,18.0
1768,2.2810959455848847,9.787400992773454,32.0
1769,0.3641291283852894,1.439260051485811,23.0
1770,1.9664257563193737,7.145092492177396,31.0
1771,-2.2838821301173056,0.10188789587897067,6.0
1772,1.4579384092855996,4.297091546380481,29.0
1773,-1.7009196905741106,0.18251558897360975,9.0
1774,1.6965067218652494,5.454858731404329,30.0
1775,1.9664257563193737,7.145092492177396,31.0
1776,-0.9272534536031524,0.39563885996788833,14.0
1777,0.5220464313832262,1.685473328338629,24.0
1778,0.5220464313832262,1.685473328338629,24.0
1779,-0.7849487664649734,0.45614307100899587,15.0
1780,-0.22354591441063024,0.7996781742726036,19.0
1781,0.3641291283852894,1.439260051485811,23.0
1782,2.664922496154055,14.366836017800509,33.0
1783,-1.5331839646290706,0.2158473218257035,10.0
1784,-0.22354591441063024,0.7996781742726036,19.0
1785,-2.5225323510385604,0.08025611254894051,5.0
1786,-0.36432495997389214,0.6946654196043375,18.0
1787,2.2810959455848847,9.787400992773454,32.0
1788,-1.8793920334448018,0.15268290364398573,8.0
1789,0.063608065715883,1.0656746424722479,21.0
1790,-0.7849487664649734,0.45614307100899587,15.0
1791,-0.5042994251732074,0.6039285243774087,17.0
1792,0.5220464313832262,1.685473328338629,24.0
1793,-0.9272534536031524,0.39563885996788833,14.0
1794,-2.072052108968005,0.12592710024282022,7.0
1795,2.664922496154055,14.366836017800509,33.0
1796,1.2424529536171787,3.4641003289973566,28.0
1797,-2.2838821301173056,0.10188789587897067,6.0
1798,-0.7849487664649734,0.45614307100899587,15.0
1799,-0.22354591441063024,0.7996781742726036,19.0
1800,2.664922496154055,14.366836017800509,33.0
1801,-0.22354591441063024,0.7996781742726036,19.0
1802,0.3641291283852894,1.439260051485811,23.0
1803,0.3641291283852894,1.439260051485811,23.0
1804,-1.5331839646290706,0.2158473218257035,10.0
1805,1.4579384092855996,4.297091546380481,29.0
1806,-1.2204729367824145,0.29509057473054073,12.0
1807,-1.2204729367824145,0.29509057473054073,12.0
1808,-0.9272534536031524,0.39563885996788833,14.0
1809,-2.072052108968005,0.12592710024282022,7.0
1810,0.5220464313832262,1.685473328338629,24.0
1811,0.8602925142494593,2.363852052993758,26.0
1812,-0.6442435961484877,0.5250595490040308,16.0
1813,0.063608065715883,1.0656746424722479,21.0
1814,-0.08117678708768204,0.9220306739177403,20.0
1815,0.3641291283852894,1.439260051485811,23.0
1816,1.6965067218652494,5.454858731404329,30.0
1817,-0.5042994251732074,0.6039285243774087,17.0
1818,0.063608065715883,1.0656746424722479,21.0
1819,-0.08117678708768204,0.9220306739177403,20.0
1820,0.21170679820826285,1.235785497432696,22.0
1821,-0.22354591441063024,0.7996781742726036,19.0
1822,-0.7849487664649734,0.45614307100899587,15.0
1823,-1.3736717470917938,0.25317565386882657,11.0
1824,0.6868592774739515,1.987463648813542,25.0
1825,0.063608065715883,1.0656746424722479,21.0
1826,1.6965067218652494,5.454858731404329,30.0
1827,2.2810959455848847,9.787400992773454,32.0
1828,-1.7009196905741106,0.18251558897360975,9.0
1829,1.6965067218652494,5.454858731404329,30.0
1830,-0.08117678708768204,0.9220306739177403,20.0
1831,-2.072052108968005,0.12592710024282022,7.0
1832,-0.36432495997389214,0.6946654196043375,18.0
1833,2.664922496154055,14.366836017800509,33.0
1834,0.21170679820826285,1.235785497432696,22.0
1835,0.5220464313832262,1.685473328338629,24.0
1836,-1.2204729367824145,0.29509057473054073,12.0
1837,1.6965067218652494,5.454858731404329,30.0
1838,0.21170679820826285,1.235785497432696,22.0
1839,0.5220464313832262,1.685473328338629,24.0
1840,-0.5042994251732074,0.6039285243774087,17.0
1841,-0.36432495997389214,0.6946654196043375,18.0
1842,0.5220464313832262,1.685473328338629,24.0
1843,2.2810959455848847,9.787400992773454,32.0
1844,0.063608065715883,1.0656746424722479,21.0
1845,0.3641291283852894,1.439260051485811,23.0
1846,-0.36432495997389214,0.6946654196043375,18.0
1847,1.6965067218652494,5.454858731404329,30.0
1848,0.063608065715883,1.0656746424722479,21.0
1849,-0.5042994251732074,0.6039285243774087,17.0
1850,0.5220464313832262,1.685473328338629,24.0
1851,1.2424529536171787,3.4641003289973566,28.0
1852,-1.8793920334448018,0.15268290364398573,8.0
1853,-0.08117678708768204,0.9220306739177403,20.0
1854,-1.2204729367824145,0.29509057473054073,12.0
1855,0.6868592774739515,1.987463648813542,25.0
1856,0.8602925142494593,2.363852052993758,26.0
1857,0.6868592774739515,1.987463648813542,25.0
1858,0.5220464313832262,1.685473328338629,24.0
1859,1.0445348234182124,2.84207614883862,27.0
1860,-0.36432495997389214,0.6946654196043375,18.0
1861,2.2810959455848847,9.787400992773454,32.0
1862,-1.8145393432090753,0.16291293805865323,8.0
1863,-1.8793920334448018,0.15268290364398573,8.0
1864,-1.7009196905741106,0.18251558897360975,9.0
1865,-0.08117678708768204,0.9220306739177403,20.0
1866,-1.3736717470917938,0.25317565386882657,11.0
1867,-1.3736717470917938,0.25317565386882657,11.0
1868,-0.36432495997389214,0.6946654196043375,18.0
1869,-0.08117678708768204,0.9220306739177403,20.0
1870,-1.3736717470917938,0.25317565386882657,11.0
1871,-2.5225323510385604,0.08025611254894051,5.0
1872,1.2424529536171787,3.4641003289973566,28.0
1873,0.21170679820826285,1.235785497432696,22.0
1874,-0.7849487664649734,0.45614307100899587,15.0
1875,2.664922496154055,14.366836017800509,33.0
1876,0.063608065715883,1.0656746424722479,21.0
1877,0.5220464313832262,1.685473328338629,24.0
1878,1.2424529536171787,3.4641003289973566,28.0
1879,-1.3736717470917938,0.25317565386882657,11.0
1880,1.6965067218652494,5.454858731404329,30.0
1881,1.4579384092855996,4.297091546380481,29.0
1882,0.063608065715883,1.0656746424722479,21.0
1883,-0.5042994251732074,0.6039285243774087,17.0
1884,2.664922496154055,14.366836017800509,33.0
1885,2.664922496154055,14.366836017800509,33.0
1886,-1.2204729367824145,0.29509057473054073,12.0
1887,0.5220464313832262,1.685473328338629,24.0
1888,1.9664257563193737,7.145092492177396,31.0
1889,-3.142301662558558,0.04318329006726382,3.0
1890,-2.2838821301173056,0.10188789587897067,6.0
1891,1.4579384092855996,4.297091546380481,29.0
1892,-0.7849487664649734,0.45614307100899587,15.0
1893,-2.072052108968005,0.12592710024282022,7.0
1894,2.2810959455848847,9.787400992773454,32.0
1895,1.9664257563193737,7.145092492177396,31.0
1896,0.8602925142494593,2.363852052993758,26.0
1897,-0.22354591441063024,0.7996781742726036,19.0
1898,0.063608065715883,1.0656746424722479,21.0
1899,-0.6442435961484877,0.5250595490040308,16.0
1900,1.2424529536171787,3.4641003289973566,28.0
1901,0.21170679820826285,1.235785497432696,22.0
1902,1.4579384092855996,4.297091546380481,29.0
1903,-1.2204729367824145,0.29509057473054073,12.0
1904,2.2810959455848847,9.787400992773454,32.0
1905,0.8602925142494593,2.363852052993758,26.0
1906,0.6868592774739515,1.987463648813542,25.0
1907,0.6868592774739515,1.987463648813542,25.0
1908,-0.36432495997389214,0.6946654196043375,18.0
1909,-1.0720787417970585,0.3422962318621723,13.0
1910,-1.2204729367824145,0.29509057473054073,12.0
1911,1.0445348234182124,2.84207614883862,27.0
1912,0.3641291283852894,1.439260051485811,23.0
1913,-0.6442435961484877,0.5250595490040308,16.0
1914,-0.22354591441063024,0.7996781742726036,19.0
